Academic Year,Roll Number,Official School Name,Address 1,Address 2,Address 3,Address 4,Eircode,School Latitude,School Longitude,School Planning area,County,Local Authority,Principal Name,Email,Phone,Ethos/Religion,Post Primary School Type,Irish Classification - Post Primary,School Gender - Post Primary,Pupil Attendance Type,Fee Paying School (Y/N),Island Location (Y/N),Gaeltacht Area Location (Y/N),DEIS (Y/N),FEMALE,MALE,Total 2024-2025
2024.0,60010P,Loreto Secondary School,Brick Lane,Balbriggan,Co Dublin,,K32R248,53.612259,-6.185114,Balbriggan,Dublin,Fingal County Council,MS. ANN M MCDONOUGH,office@loretobalbriggan.ie,018411594,CATHOLIC,Secondary,No subjects taught through Irish,Girls,Day,N,N,N,N,1232.0,,1232
2024.0,60021U,St Marys Secondary School,Main Street,Baldoyle,Dublin 13,,D13W208,53.396912,-6.127654,Donaghmede_Howth_D13,Dublin,Fingal County Council,MS. EDEL GREENE,info@stmarysbaldoyle.org,018325591,CATHOLIC,Secondary,No subjects taught through Irish,Mixed,Day,N,N,N,N,232.0,10.0,242
2024.0,60030V,Blackrock College,Blackrock College,Rock Road,Co. Dublin,,A94FK84,53.303651,-6.190339,Booterstown_Blackrock,Dublin,Dun Laoghaire Rathdown,MS. YVONNE MARKEY,ymarkey@blackrockcollege.com,012752100,CATHOLIC,Secondary,No subjects taught through Irish,Boys,Mixed,Y,N,N,N,,1053.0,1053
2024.0,60040B,Willow Park School,Rock Road,Blackrock,Co Dublin,,A94TW98,53.306045,-6.195357,Booterstown_Blackrock,Dublin,Dun Laoghaire Rathdown,MR. ALAN JAMES THOMAS ROGAN,arogan@willowparkschool.ie,012881651,CATHOLIC,Secondary,No subjects taught through Irish,Boys,Mixed,Y,N,N,N,,208.0,208
2024.0,60041D,Coláiste Eoin,Baile an Bhóthair,Bóthair Stigh Lorgan,Co. Átha Cliath,,A94E122,53.302626,-6.204946,Booterstown_Blackrock,Dublin,Dun Laoghaire Rathdown,MR. P.S DE POIRE,ce@eoiniosagain.ie,012884002,CATHOLIC,Secondary,All pupils taught all subjects through Irish,Boys,Day,N,N,N,N,,510.0,510
2024.0,60042F,Coláiste Íosagáin,Bóthar Stigh Lorgan,Baile an Bhóthair,An Charraig Dhubh,Co Átha Cliath,A94KV12,53.3024,-6.204077,Booterstown_Blackrock,Dublin,Dun Laoghaire Rathdown,MR. SEAN DELAP,eolas@eoiniosagain.ie,012884028,CATHOLIC,Secondary,All pupils taught all subjects through Irish,Girls,Day,N,N,N,N,488.0,,488
2024.0,60050E,Oatlands College,Mount Merrion,Co Dublin,,,A94HX38,53.292484,-6.202492,Dunlaoghaire,Dublin,Dun Laoghaire Rathdown,MS. CAROLINE GARRETT,cgarrett@oatlands.net,012888533,CATHOLIC,Secondary,No subjects taught through Irish,Boys,Day,N,N,N,N,,634.0,634
2024.0,60070K,Dominican College,Dominican College Sion Hill,Cross Avenue,Blackrock,Co Dublin,A94TP97,53.301595,-6.189684,Booterstown_Blackrock,Dublin,Dun Laoghaire Rathdown,MS. ORLA CONDREN,admin@sionhillcollege.ie,012886791,CATHOLIC,Secondary,No subjects taught through Irish,Girls,Day,N,N,N,N,508.0,,508
2024.0,60081P,Rockford Manor Secondary School,Stradbrook Rd,Blackrock,Co Dublin,,A94H294,53.287059,-6.163012,Dunlaoghaire,Dublin,Dun Laoghaire Rathdown,MS. MARY GALLAGHER,info@rockfordmanor.ie,01 2801522,CATHOLIC,Secondary,No subjects taught through Irish,Girls,Day,N,N,N,N,285.0,,285
2024.0,60090Q,Rathdown School,Upper Glenageary Road,Glenageary,Co. Dublin,,A96NX44,53.276457,-6.129831,Sallynoggin_Killiney_DLR,Dublin,Dun Laoghaire Rathdown,BRIAN MOORE,admin@rathdownschool.ie,012853133,CHURCH OF IRELAND,Secondary,No subjects taught through Irish,Mixed,Mixed,Y,N,N,N,273.0,76.0,349
2024.0,60092U,Clonkeen College,Clonkeen Road,Blackrock,Co Dublin,,A94P206,53.269829,-6.15734,Sallynoggin_Killiney_DLR,Dublin,Dun Laoghaire Rathdown,MR. EDWARD MELLY,reception@clonkeencollege.ie,012892709,CATHOLIC,Secondary,No subjects taught through Irish,Boys,Day,N,N,N,N,,630.0,630
2024.0,60100Q,Castleknock College,College Rd,Castleknock,Dublin 15,,D15PD95,53.368411,-6.36861,Castleknock_D15,Dublin,Fingal County Council,MR. CHRISTOPHER WILLIAM KINDER,headmasterpa@castleknockcollege.ie,018213051,CATHOLIC,Secondary,No subjects taught through Irish,Boys,Day,Y,N,N,N,,775.0,775
2024.0,60120W,Mount Sackville Secondary School,Tower Road,Chapelizod,Dublin 20,,D20WP68,53.359833,-6.357088,Castleknock_D15,Dublin,Fingal County Council,MRS. EILEEN HIGGINS,info@mountsackville.ie,018213317,CATHOLIC,Secondary,No subjects taught through Irish,Girls,Day,Y,N,N,N,654.0,,654
2024.0,60121B,Moyle Park College,Clondalkin,Dublin 22,,,D22V072,53.320279,-6.397356,Clondalkin_D22,Dublin,South Dublin County Council,MS. NIAMH CAHALANE,info@moyleparkcollege.com,014574837,CATHOLIC,Secondary,No subjects taught through Irish,Boys,Day,N,N,N,N,,766.0,766
2024.0,60122D,Coláiste Bríde,New Road,Clondalkin,Dublin 22,,D22C6Y2,53.317418,-6.38961,Clondalkin_D22,Dublin,South Dublin County Council,MISS MARIE THERESE KILMARTIN,info@colaistebride.com,014591158,CATHOLIC,Secondary,No subjects taught through Irish,Girls,Day,N,N,N,N,962.0,,962
2024.0,60130C,Loreto Abbey Secondary School,Dalkey,Co Dublin,,,A96YC81,53.279522,-6.09983,Dunlaoghaire,Dublin,Dun Laoghaire Rathdown,MR. ROBERT DUNNE,office@loretoabbeydalkey.ie,012718900,CATHOLIC,Secondary,No subjects taught through Irish,Girls,Day,Y,N,N,N,742.0,,742
2024.0,60140F,Mount Anville Secondary School,Mount Anville Road,Dublin 14,,,D14A8P3,53.29328,-6.222606,Goatstown_Stillorgan_DLR,Dublin,Dun Laoghaire Rathdown,MS. SINEAD NOLAN,office@mountanville.ie,012885313,CATHOLIC,Secondary,No subjects taught through Irish,Girls,Day,Y,N,N,N,712.0,,712
2024.0,60180R,Christian Brothers College,Monkstown Park,Dun Laoghaire,Co Dublin,,A96TF64,53.289767,-6.148051,Dunlaoghaire,Dublin,Dun Laoghaire Rathdown,MR. GERARD DUFFY,office@cbcmonkstown.ie,012805854,CATHOLIC,Secondary,No subjects taught through Irish,Boys,Day,Y,N,N,N,,564.0,564
2024.0,60240J,Loreto College Foxrock,Springfield Park,Foxrock,Dublin 18,,D18FT21,53.272796,-6.176827,Sallynoggin_Killiney_DLR,Dublin,Dun Laoghaire Rathdown,MRS. BERNADETTE PRENDIVILLE,admin@loretofoxrock.ie,012895637,CATHOLIC,Secondary,No subjects taught through Irish,Girls,Day,Y,N,N,N,637.0,,637
2024.0,60250M,Holy Child Killiney,Military Road,Killiney,Co. Dublin,,A96XP82,53.252851,-6.114771,Ballybrack_Shankill_DLR,Dublin,Dun Laoghaire Rathdown,MISS DEIRDRE MARIE HICKEY,admin@holychildkilliney.ie,012823120,CATHOLIC,Secondary,No subjects taught through Irish,Girls,Day,Y,N,N,N,395.0,,395
2024.0,60260P,St Joseph Of Cluny Secondary School,Ballinclea Road,Killiney,Co. Dublin,,A96DK13,53.270691,-6.123592,Sallynoggin_Killiney_DLR,Dublin,Dun Laoghaire Rathdown,MR. BENEDICT GERARD HEALY,office@clunykilliney.ie,012855027,CATHOLIC,Secondary,No subjects taught through Irish,Mixed,Day,Y,N,N,N,256.0,,256
2024.0,60261R,St Benildus College,Upper Kilmacud Rd,Stillorgan,Blackrock,Co Dublin,A94X886,53.284637,-6.221381,Goatstown_Stillorgan_DLR,Dublin,Dun Laoghaire Rathdown,MRS. MARY P BROHAN,stbenildusoffice@stbenilduscollege.com,012986539,CATHOLIC,Secondary,No subjects taught through Irish,Boys,Day,N,N,N,N,,925.0,925
2024.0,60262T,St Laurence College,Loughlinstown,Dublin 18,,,D18AK07,53.250937,-6.138403,Sallynoggin_Killiney_DLR,Dublin,Dun Laoghaire Rathdown,CILLIAN O'RIORDAN,secretary@stlaurencecollege.com,012826930,CATHOLIC,Secondary,No subjects taught through Irish,Mixed,Day,N,N,N,Y,149.0,132.0,281
2024.0,60263V,St Joseph's College,Lucan,Co Dublin,,,K78VW74,53.358056,-6.440358,Lucan,Dublin,South Dublin County Council,MS. BERNADETTE FITZGERALD,stjosephslucan@gmail.com,016281160,CATHOLIC,Secondary,No subjects taught through Irish,Girls,Day,N,N,N,N,937.0,,937
2024.0,60264A,Coláiste Phádraig CBS,Roselawn,Lucan,Co. Dublin,,K78E927,53.356896,-6.432676,Lucan,Dublin,South Dublin County Council,MR. THOMAS O MEARA,admin@colaistephadraig.com,016282299,CATHOLIC,Secondary,No subjects taught through Irish,Boys,Day,N,N,N,N,,704.0,704
2024.0,60272W,The Kings Hospital,Palmerstown,Dublin 20,,,D20V256,53.358817,-6.385965,Palmerstown_Ronanstown_D20_22,Dublin,South Dublin County Council,MR MARK RONAN,headmaster@thekingshospital.ie,016436500,CHURCH OF IRELAND,Secondary,No subjects taught through Irish,Mixed,Mixed,Y,N,N,N,375.0,328.0,703
2024.0,60290B,St Pauls College,Sybil Hill,Raheny,Dublin,,D05C673,53.373134,-6.193259,Killester_Raheny_Clontarf,Dublin,Dublin City Council,MR. SEAN MORAN,admin@stpaulscollege.ie,018314011,CATHOLIC,Secondary,No subjects taught through Irish,Boys,Day,N,N,N,N,,637.0,637
2024.0,60291D,Árdscoil La Salle,Raheny Road,Raheny,Dublin 5,,D05Y132,53.388964,-6.169676,Killester_Raheny_Clontarf,Dublin,Dublin City Council,MR. COLM MYTHEN,secretary@ardscoillasalle.ie,018480055,CATHOLIC,Secondary,No subjects taught through Irish,Mixed,Day,N,N,N,Y,138.0,158.0,296
2024.0,60300B,Manor House School,Watermill Road,Raheny,Dublin 5,,D05R827,53.378541,-6.173065,Killester_Raheny_Clontarf,Dublin,Dublin City Council,MISS MARY T O'NEILL,deputyprincipal@manorhouseschool.com,018316782,CATHOLIC,Secondary,No subjects taught through Irish,Girls,Day,N,N,N,N,669.0,,669
2024.0,60310E,De La Salle College,Upper Churchtown Road,Churchtown,Dublin 14,,D14A0T9,53.296986,-6.264288,Rathfarnham,Dublin,Dun Laoghaire Rathdown,MISS SIOBHAN FOSTER,office@delasallecollege.com,012981067,CATHOLIC,Secondary,No subjects taught through Irish,Mixed,Day,N,N,N,N,77.0,340.0,417
2024.0,60320H,St Columba's College,Whitechurch,Dublin 16,,,D16CH92,53.266464,-6.268967,Rathfarnham,Dublin,South Dublin County Council,MARK TREMAYNE BOOBBYER,warden@stcolumbas.ie,014906791,CHURCH OF IRELAND,Secondary,No subjects taught through Irish,Mixed,Mixed,Y,N,N,N,160.0,191.0,351
2024.0,60321J,Rockbrook Park School,Edmondstown Road,Rathfarnham,Dublin 16,,D16P897,53.262419,-6.300677,Rathfarnham,Dublin,South Dublin County Council,MR. JUDE MULLIGAN,secretary@rockbrook.ie,014933204,CATHOLIC,Secondary,No subjects taught through Irish,Boys,Day,Y,N,N,N,,186.0,186
2024.0,60340N,Loreto High School,Beaufort,Grange Rd,Rathfarnham,Dublin 14,D14E521,53.292416,-6.283779,Rathfarnham,Dublin,South Dublin County Council,MS. AOIFE KAVANAGH,Aoife.kavanagh@loretohighschool.com,014933251,CATHOLIC,Secondary,No subjects taught through Irish,Girls,Day,Y,N,N,N,645.0,,645
2024.0,60341P,Sancta Maria College,Ballyroan Crescent,Rathfarnham,Dublin 16,,D16V389,53.284736,-6.303932,Rathfarnham,Dublin,South Dublin County Council,MISS GERALDINE KENNEDY,info@sanctamariacollege.com,014934887,CATHOLIC,Secondary,No subjects taught through Irish,Girls,Day,N,N,N,N,574.0,,574
2024.0,60342R,Coláiste Éanna,Hillside Park,Ballyroan Road,Rathfarnham,Dublin 16,D16E248,53.286303,-6.298938,Rathfarnham,Dublin,South Dublin County Council,MR. SEAN G. O'MURCHU,secretary@colaisteeanna.ie,014931767,CATHOLIC,Secondary,No subjects taught through Irish,Boys,Day,N,N,N,N,,612.0,612
2024.0,60343T,St Joseph's Secondary School,Convent Lane,Rush,Co. Dublin,,K56A308,53.51992,-6.090893,Rush&Lusk,Dublin,Fingal County Council,MR. DARAGH NEALON,office@stjosephsrush.com,018437534,CATHOLIC,Secondary,No subjects taught through Irish,Mixed,Day,N,N,N,Y,409.0,519.0,928
2024.0,60361V,St Raphaela's Secondary School,St. Raphaela's Road,Stillorgan,Blackrock,Co. Dublin,A94NT29,53.283105,-6.205339,Goatstown_Stillorgan_DLR,Dublin,Dun Laoghaire Rathdown,EILEEN O' DONNELL,secretary@straphaelas.ie,012888730,CATHOLIC,Secondary,No subjects taught through Irish,Girls,Day,N,N,N,N,631.0,,631
2024.0,60370W,St. Fintan's High School,Dublin Road,Sutton,Dublin 13,,D13HN59,53.389185,-6.117946,Donaghmede_Howth_D13,Dublin,Fingal County Council,MS. KATHY MULLEN,info@stfintanshs.ie,018324632,CATHOLIC,Secondary,No subjects taught through Irish,Boys,Day,N,N,N,N,,716.0,716
2024.0,60380C,Santa Sabina Dominican College,Greenfield Road,Sutton,Dublin 13,D13 RD80,D13RD80,53.387131,-6.100559,Donaghmede_Howth_D13,Dublin,Fingal County Council,MS. JOYCE KAVANAGH,principal@santasabina.ie,018322200,CATHOLIC,Secondary,No subjects taught through Irish,Girls,Day,N,N,N,N,749.0,,749
2024.0,60381E,Sutton Park School,St Fintans Road,Sutton,Dublin 13,,D13PY92,53.376583,-6.093261,Donaghmede_Howth_D13,Dublin,Fingal County Council,MR. RONAN WALSH,info@sps.ie,018322940,CHURCH OF IRELAND,Secondary,No subjects taught through Irish,Mixed,Mixed,Y,N,N,N,226.0,265.0,491
2024.0,60383I,Coláiste Choilm,Dublin Road,Swords,Co Dublin,,K67KW30,53.452505,-6.225518,Swords,Dublin,Fingal County Council,MR. CATHAL FRANCIS BOYLE,info@colaistechoilmswords.ie,018401420,CATHOLIC,Secondary,No subjects taught through Irish,Boys,Day,N,N,N,N,,425.0,425
2024.0,60390F,St Josephs C.B.S.,Merville Ave,Fairview,Dublin 3,,D03H524,53.363903,-6.233668,Drumcondra_Marino_Dublin1,Dublin,Dublin City Council,MS. CIARA MCDONNELL,info@stjosephsfairview.ie,018339779,CATHOLIC,Secondary,No subjects taught through Irish,Mixed,Day,N,N,N,Y,42.0,221.0,263
2024.0,60400F,St Vincents C.B.S. Glasnevin,Finglas Road,Glasnevin,Dublin 11,,D11XV05,53.368259,-6.27498,Cabra_Phibsboro_D7,Dublin,Dublin City Council,MS. MAIRE QUINN,mq@stvincentsd11.ie,018304375,CATHOLIC,Secondary,No subjects taught through Irish,Boys,Day,N,N,N,Y,,409.0,409
2024.0,60410I,C.B.S. James Street,James's Street,Dublin 8,,,D08K338,53.340364,-6.289444,Dublin_8,Dublin,Dublin City Council,MS. PAULINE QUEALLY,jamesstcbs123@outlook.ie,014547756,CATHOLIC,Secondary,No subjects taught through Irish,Mixed,Day,N,N,N,Y,87.0,133.0,220
2024.0,60420L,Árdscoil Rís,Griffith Avenue,Marino,Dublin 9,,D09AK30,53.369235,-6.228076,Beaumont_CoolockD5,Dublin,Dublin City Council,MR. JOHN MC HUGH,admin@ardscoilris.com,018332633,CATHOLIC,Secondary,No subjects taught through Irish,Boys,Day,N,N,N,N,,560.0,560
2024.0,60430O,St Pauls C.B.S.,St. Paul's CBS Secondary School,Nth. Brunswick Street,Dublin 7,,D07VF57,53.350591,-6.275708,Cabra_Phibsboro_D7,Dublin,Dublin City Council,MR. PATRICK MCCORMACK,principal@thebrunner.ie,018720781,CATHOLIC,Secondary,No subjects taught through Irish,Mixed,Day,N,N,N,Y,,219.0,219
2024.0,60440R,O'Connell School,Richmond Street North,Dublin 1,,,D01Y4A9,53.35825,-6.250797,Drumcondra_Marino_Dublin1,Dublin,Dublin City Council,MR. LIAM NEWELL,secretary@oconnellschool.ie,018748307,CATHOLIC,Secondary,No subjects taught through Irish,Mixed,Day,N,N,N,Y,,215.0,215
2024.0,60450U,Coláiste Mhuire,Bothar Rath Tó,Cabrach,Baile Átha Cliath 7,,D07CY97,53.36603,-6.302419,Cabra_Phibsboro_D7,Dublin,Dublin City Council,MR. OISIN MAC EOIN,runai@colaistemhuire.ie,018688996,CATHOLIC,Secondary,All pupils taught all subjects through Irish,Mixed,Day,N,N,N,Y,139.0,117.0,256
2024.0,60470D,"Christian Brothers, Synge St.",Synge Street CBS Secondary School,Synge Street,Dublin 8,Dublin,D08R283,53.33349,-6.268224,Dublin_8,Dublin,Dublin City Council,MS. CLARE CATTERSON,office@syngestreet.com,014783998,CATHOLIC,Secondary,No subjects taught through Irish,Boys,Day,N,N,N,Y,,291.0,291
2024.0,60471F,St. David's College,Artane,Dublin 5,,,D05W667,53.381031,-6.217644,Beaumont_CoolockD5,Dublin,Dublin City Council,MR. MICHAEL NALLY,office@stdavidscollege.ie,018315322,CATHOLIC,Secondary,No subjects taught through Irish,Mixed,Day,N,N,N,Y,30.0,475.0,505
2024.0,60480G,Meanscoil Iognáid Rís,Long Mile Road,Walkinstown,Dublin 12,D12K682,D12K682,53.324211,-6.333725,Dolphin's Barn_D12,Dublin,Dublin City Council,MR. CONOR BRADLEY,info@drimnaghcastle.ie,014518316,CATHOLIC,Secondary,No subjects taught through Irish,Boys,Day,N,N,N,Y,,506.0,506
2024.0,60481I,St. Aidan's C.B.S.,Collins Avenue Ext,Whitehall,Dublin 9,,D09XT54,53.384351,-6.252129,Whitehall_SantryD9,Dublin,Dublin City Council,MR. LIAM REILLY,secretary@staidanscbs.ie,018377587,CATHOLIC,Secondary,No subjects taught through Irish,Boys,Day,N,N,N,N,,728.0,728
2024.0,60490J,C.B.S. Westland Row,Westland Row,Dublin 2,,,D02YX80,53.3428,-6.249075,Dublin2_Dublin4,Dublin,Dublin City Council,MS. KATE BYRNE,info@cbswestlandrow.ie,016614143,CATHOLIC,Secondary,No subjects taught through Irish,Mixed,Day,N,N,N,Y,113.0,89.0,202
2024.0,60491L,St Declan's College,Nephin Road,Cabra,Dublin 7,,D07NN63,53.366838,-6.303069,Cabra_Phibsboro_D7,Dublin,Dublin City Council,MR. BRIAN AVERY,info@stdeclanscollege.ie,018380357,CATHOLIC,Secondary,No subjects taught through Irish,Boys,Day,N,N,N,N,,653.0,653
2024.0,60500J,Marian College,Ballsbridge,Dublin 4,,,D04W268,53.333138,-6.226792,Dublin2_Dublin4,Dublin,Dublin City Council,MISS OONAGH CELINE MC CAUL,omccaul@mariancollege.ie,016684036,CATHOLIC,Secondary,No subjects taught through Irish,Mixed,Day,N,N,N,Y,1.0,304.0,305
2024.0,60511O,Beneavin De La Salle College,Beneavin Road,Finglas,Dublin,,D11NH7E,53.389221,-6.286613,FinglasEast_BallymunD11,Dublin,Dublin City Council,MS. ANN MARIE LEONARD,principal@beneavin.com,018341410,CATHOLIC,Secondary,No subjects taught through Irish,Boys,Day,N,N,N,Y,,603.0,603
2024.0,60520P,Belvedere College S.J,6 Great Denmark Street,Dublin 1,,,D01TK25,53.35551,-6.262121,Drumcondra_Marino_Dublin1,Dublin,Dublin City Council,MR. GERRY FOLEY,dreddy@belvederecollege.ie,018586600,CATHOLIC,Secondary,No subjects taught through Irish,Boys,Day,Y,N,N,N,,1004.0,1004
2024.0,60530S,Gonzaga College,Sandford Road,Ranelagh,Dublin,,D06KF95,53.316816,-6.249403,Dublin6_Clonskeagh,Dublin,Dublin City Council,MR. DAMON MCCAUL,headmaster@gonzaga.ie,014972931,CATHOLIC,Secondary,No subjects taught through Irish,Boys,Day,Y,N,N,N,,573.0,573
2024.0,60540V,Catholic University School,89 Lower Leeson Street,Dublin 2,,,D02KC81,53.335297,-6.255882,Dublin2_Dublin4,Dublin,Dublin City Council,MR. CLIVE G MARTIN,office@cus.ie,017756800,CATHOLIC,Secondary,No subjects taught through Irish,Boys,Day,Y,N,N,N,,547.0,547
2024.0,60550B,Chanel College,Coolock Village,Malahide Road,Dublin 5,,D05EY86,53.388016,-6.203976,Beaumont_CoolockD5,Dublin,Dublin City Council,MR. DARA GILL,chaneloffice@chanelcollege.ie,018480655,CATHOLIC,Secondary,No subjects taught through Irish,Boys,Day,N,N,N,Y,,466.0,466
2024.0,60560E,"St. Mary's College C.S.Sp., Rathmines",73-79 Lower Rathmines Road,Dublin 6,,,D06CH79,53.327414,-6.266698,Dublin6_Clonskeagh,Dublin,Dublin City Council,MR. DENIS MURPHY,denismurphy@stmarys.ie,014995700,CATHOLIC,Secondary,No subjects taught through Irish,Boys,Day,Y,N,N,N,,498.0,498
2024.0,60561G,St Michaels College,Ailesbury Road,Dublin 4,,,D04NC59,53.319306,-6.217416,Dublin2_Dublin4,Dublin,South Dublin County Council,MR. T M KELLEHER,edel@stmc.ie,012189400,CATHOLIC,Secondary,No subjects taught through Irish,Boys,Day,Y,N,N,N,,726.0,726
2024.0,60562I,Templeogue College,Templeville Road,Templeogue,Dublin 6W,,D6WE622,53.304164,-6.311988,Dublin_6w,Dublin,South Dublin County Council,NIAMH QUINN,info@templeoguecollege.ie,014905788,CATHOLIC,Secondary,No subjects taught through Irish,Boys,Day,N,N,N,N,,660.0,660
2024.0,60570H,Terenure College,Templeogue Road,Terenure,Dublin 6w,,D6WDK72,53.30425,-6.297376,Dublin_6w,Dublin,Dublin City Council,MR. PHILIP WALLACE,admin@terenurecollege.ie,014997000,CATHOLIC,Secondary,No subjects taught through Irish,Boys,Day,Y,N,N,N,,798.0,798
2024.0,60581M,St Kevins College,Ballygall Rd. East,Ballygall,Dublin 11,,D11VF10,53.38545,-6.277384,Whitehall_SantryD9,Dublin,Dublin City Council,EOGHAN ROONEY,info@stkevinscollege.com,018371423,CATHOLIC,Secondary,No subjects taught through Irish,Boys,Day,N,N,N,Y,,501.0,501
2024.0,60590N,St Conleths College,28 Clyde Road,Ballsbridge,Dublin 4,,D04FT98,53.327963,-6.240353,Dublin2_Dublin4,Dublin,Dublin City Council,MR. DONAL E O DULAING,admin@stconleths.ie,016680022,CATHOLIC,Secondary,No subjects taught through Irish,Mixed,Day,Y,N,N,N,117.0,208.0,325
2024.0,60630W,St Kilian's Deutsche Schule,Roebuck Road,Clonskeagh,Dublin 14,,D14P7F2,53.303796,-6.229184,Booterstown_Blackrock,Dublin,Dun Laoghaire Rathdown,MR. NIGEL MAC MILLAN,nigel.macmillan@kilians.com,012883323,INTER DENOMINATIONAL,Secondary,No subjects taught through Irish,Mixed,Day,Y,N,N,N,213.0,265.0,478
2024.0,60640C,Sandford Park School Ltd,Sandford Road,Ranelagh,Dublin 6,,D06FN29,53.321874,-6.250483,Dublin6_Clonskeagh,Dublin,Dublin City Council,MISS EDITH ANN MARIE BYRNE,ebyrne@sandfordparkschool.ie,014971417,INTER DENOMINATIONAL,Secondary,No subjects taught through Irish,Mixed,Day,Y,N,N,N,173.0,259.0,432
2024.0,60650F,St Andrews College,Booterstown Ave,Blackrock,Co Dublin,,A94XN72,53.305607,-6.201601,Booterstown_Blackrock,Dublin,Dun Laoghaire Rathdown,MISS LOUISE MARSHALL,information@st-andrews.ie,012882785,PRESBYTERIAN,Secondary,No subjects taught through Irish,Mixed,Day,Y,N,N,N,533.0,475.0,1008
2024.0,60660I,St Patricks Cathedral Grammar School,St Patricks Close,Dublin 8,,,D08WK19,53.338982,-6.271589,Dublin_8,Dublin,Dublin City Council,MR. TIMOTHY GILL,principal@spcgs.ie,014543388,CHURCH OF IRELAND,Secondary,No subjects taught through Irish,Mixed,Day,N,N,N,N,153.0,149.0,302
2024.0,60670L,The High School,Danum,Zion Road,Rathgar,Dublin,D06YR68,53.305787,-6.273284,Dublin6_Clonskeagh,Dublin,Dublin City Council,MR. ANDREW FORREST,office@highschool.ie,014922611,CHURCH OF IRELAND,Secondary,No subjects taught through Irish,Mixed,Day,Y,N,N,N,368.0,456.0,824
2024.0,60690R,Dominican College,"204, Griffith Ave",Drumcondra,Dublin 9,,D09A5X0,53.374338,-6.249275,Drumcondra_Marino_Dublin1,Dublin,Dublin City Council,MS. MARGUERITE O HORA,admin@dominican-college.com,018376080,CATHOLIC,Secondary,No subjects taught through Irish,Girls,Day,N,N,N,N,807.0,,807
2024.0,60700R,Scoil Chaitriona,Bóthar Mobhí,Glas Naíon,Ath Cliath 9,,D09TW99,53.374617,-6.262311,Drumcondra_Marino_Dublin1,Dublin,Dublin City Council,MS. FIONA NÍ CHATHÁIN,oifig@scoilchaitriona.ie,018370762,CATHOLIC,Secondary,All pupils taught all subjects through Irish,Mixed,Day,N,N,N,Y,283.0,240.0,523
2024.0,60710U,Muckross Park College,Donnybrook,Dublin 4,,,D04CF59,53.321665,-6.242546,Dublin6_Clonskeagh,Dublin,Dublin City Council,MISS ANNE MARIE MEE,ammee@muckrossparkcollege.com,014914033,CATHOLIC,Secondary,No subjects taught through Irish,Girls,Day,N,N,N,N,712.0,,712
2024.0,60731F,St Dominics College,Navan road,Cabra,Dublin 7,,D07NX47,53.371362,-6.307158,Cabra_Phibsboro_D7,Dublin,Dublin City Council,MISS ANN.B. CAMERON,info@stdominics.ie,018385282,CATHOLIC,Secondary,No subjects taught through Irish,Girls,Day,N,N,N,N,778.0,,778
2024.0,60741I,St Michaels Secondary School,Wellmount Road,Finglas,Dublin 11,,D11H521,53.387198,-6.301623,Scribblestown_FinglasWest,Dublin,Dublin City Council,MS. MARIE DOYLE,stmichaelshf11@gmail.com,018341767,CATHOLIC,Secondary,No subjects taught through Irish,Girls,Day,N,N,N,Y,651.0,,651
2024.0,60750J,Holy Faith Secondary School,1 Belgrove Road,Clontarf,Dublin 3,,D03R528,53.360182,-6.1975,Killester_Raheny_Clontarf,Dublin,Dublin City Council,MISS DEIRDRE GOGARTY,admin@holyfaithclontarf.com,018331507,CATHOLIC,Secondary,No subjects taught through Irish,Girls,Day,N,N,N,N,665.0,,665
2024.0,60770P,St Mary's Secondary School,St. Mary's Secondary School,Holy Faith Convent,Glasnevin,Dublin 11,D11X478,53.375897,-6.2726,Cabra_Phibsboro_D7,Dublin,Dublin City Council,MR. PAUL CLARKE,office@stmaryshfg.ie,018374413,CATHOLIC,Secondary,No subjects taught through Irish,Girls,Day,N,N,N,Y,836.0,,836
2024.0,60791A,St Marys Secondary School,Brookwood Meadow,Killester,Dublin 5,,D05K588,53.378999,-6.202072,Killester_Raheny_Clontarf,Dublin,Dublin City Council,MS. NIAMH SULLIVAN,admin@hfk.ie,018310963,CATHOLIC,Secondary,No subjects taught through Irish,Girls,Day,N,N,N,Y,319.0,,319
2024.0,60792C,Presentation College,Presentation Secondary School,Clarence Mangan Road,Warrenmount,Dublin.8.,D08W0X7,53.335981,-6.277812,Dublin_8,Dublin,Dublin City Council,MS. GWENDOLEN BRENNAN,info@warrenmountss.ie,014547520,CATHOLIC,Secondary,No subjects taught through Irish,Mixed,Day,N,N,N,Y,153.0,68.0,221
2024.0,60800V,Loreto College,Crumlin Road,Dublin 12,,,D12E196,53.329786,-6.297702,Dolphin's Barn_D12,Dublin,Dublin City Council,MS. MARY KELLEHER,secretary@loretocrumlin.ie,014542380,CATHOLIC,Secondary,No subjects taught through Irish,Girls,Day,N,N,N,Y,365.0,,365
2024.0,60810B,Loreto College,Swords,Rivervalley,Swords Co Dublin,,K67Y319,53.454322,-6.245608,Swords,Dublin,Fingal County Council,MR. PETER MCNAMARA,office@loretoswords.ie,018407025,CATHOLIC,Secondary,No subjects taught through Irish,Girls,Day,N,N,N,N,632.0,,632
2024.0,60820E,Loreto College,53 St Stephens Green,Dublin 2,,,D02XE79,53.336828,-6.256357,Dublin2_Dublin4,Dublin,Dublin City Council,MS. JACQUELINE DEMPSEY,info@loretothegreen.ie,016618179,CATHOLIC,Secondary,No subjects taught through Irish,Girls,Day,Y,N,N,N,584.0,,584
2024.0,60840K,Maryfield College,Glandore Road,Drumcondra,Dublin 9,,D09AE64,53.375981,-6.235144,Beaumont_CoolockD5,Dublin,Dublin City Council,DR. MAREE O ROURKE,admin@maryfieldcollege.ie,018373574,CATHOLIC,Secondary,No subjects taught through Irish,Girls,Day,N,N,N,N,546.0,,546
2024.0,60841M,Rosary College,Armagh Road,Crumlin,Dublin 12,,D12R726,53.31868,-6.307467,Dolphin's Barn_D12,Dublin,Dublin City Council,MS. JEAN DOYLE,office@rosarycollege.ie,014555824,CATHOLIC,Secondary,No subjects taught through Irish,Mixed,Day,N,N,N,Y,108.0,117.0,225
2024.0,60843Q,St Josephs Secondary School,Manor Street,Stoneybatter,Dublin 7,,D07YP03,53.352647,-6.281748,Cabra_Phibsboro_D7,Dublin,Dublin City Council,MR. JOHN OBRIEN,info@stanhopesecondary.ie,016710419,CATHOLIC,Secondary,No subjects taught through Irish,Girls,Day,N,N,N,Y,238.0,,238
2024.0,60851P,Assumption Secondary School,Walkinstown,Dublin 12,,,D12PK75,53.322226,-6.33163,Dolphin's Barn_D12,Dublin,Dublin City Council,MS. SIOBHAIN HOEY,assumptionprincipal@hotmail.com,014507017,CATHOLIC,Secondary,No subjects taught through Irish,Girls,Day,N,N,N,Y,286.0,,286
2024.0,60853T,Mount Carmel Secondary School,King's Inns Street,Dublin 1,,,D01W657,53.35202,-6.268337,Drumcondra_Marino_Dublin1,Dublin,Dublin City Council,MS. AUDREY CARTY,info@mountcarmel.ie,018730958,CATHOLIC,Secondary,No subjects taught through Irish,Girls,Day,N,N,N,Y,398.0,,398
2024.0,60860Q,Our Ladys School,Templeogue Road,Terenure,Dublin 6W,,D6WKF44,53.300203,-6.296232,Rathfarnham,Dublin,South Dublin County Council,MS. MARGUERITE GORBY,principal@olschool.ie,014903241,CATHOLIC,Secondary,No subjects taught through Irish,Girls,Day,N,N,N,N,798.0,,798
2024.0,60870T,Our Lady Of Mercy College,Beaumont,Dublin 9,,,D09V327,53.386737,-6.230727,Beaumont_CoolockD5,Dublin,Dublin City Council,MS. MAURA GRAY,secretary@mercybeaumont.com,018371478,CATHOLIC,Secondary,No subjects taught through Irish,Girls,Day,N,N,N,Y,379.0,,379
2024.0,60871V,Mercy College Coolock,St Brendan's Drive,Malahide Road,Coolock,Dublin 5,D05C958,53.38604,-6.198321,Killester_Raheny_Clontarf,Dublin,Dublin City Council,MS. PATRICIA DWYER,info@mercycoolock.ie,018480888,CATHOLIC,Secondary,No subjects taught through Irish,Girls,Day,N,N,N,Y,420.0,,420
2024.0,60872A,Mercy Secondary School,Thomas Davis Street West,Inchicore,Dublin 8,,D08Y4X0,53.336767,-6.322003,Dublin_8,Dublin,Dublin City Council,MS. MICHELLE O' KELLY,info@mercyinchicore.ie,014531262,CATHOLIC,Secondary,No subjects taught through Irish,Mixed,Day,N,N,N,Y,192.0,136.0,328
2024.0,60890C,St Louis High School,Charleville Road,Rathmines,Dublin 6,Dubllin 6,D06F860,53.321391,-6.270399,Dublin6_Clonskeagh,Dublin,Dublin City Council,MS. CLIONA MCDONOUGH,stlouishs.rathmines@gmail.com,014975458,CATHOLIC,Secondary,No subjects taught through Irish,Girls,Day,N,N,N,N,684.0,,684
2024.0,60891E,Our Lady's Grove Secondary School,Our Lady's Grove,Goatstown Road,Dublin 14,,D14AK75,53.300719,-6.235055,Goatstown_Stillorgan_DLR,Dublin,Dun Laoghaire Rathdown,MR. COLM DOOLEY,office@olgrove.ie,012951913,CATHOLIC,Secondary,No subjects taught through Irish,Girls,Day,N,N,N,N,312.0,,312
2024.0,60892G,The Teresian School,12 Stillorgan Road,Donnybrook,Dublin 4,,D04E9X5,53.314938,-6.22796,Booterstown_Blackrock,Dublin,Dublin City Council,MR. DAMIEN MC CORMACK,principalsecondary@teresian.ie,012691376,CATHOLIC,Secondary,No subjects taught through Irish,Girls,Day,Y,N,N,N,239.0,,239
2024.0,60902G,St Pauls Secondary School,Greenhills,Dublin 12,,,D12E544,53.307848,-6.331987,Dolphin's Barn_D12,Dublin,South Dublin County Council,MISS G.M. TROY,info@stpaulsg.ie,014505682,CATHOLIC,Secondary,No subjects taught through Irish,Girls,Day,N,N,N,Y,464.0,,464
2024.0,60910F,Alexandra College,Milltown,Dublin 6,,,D06KX50,53.310493,-6.250006,Dublin6_Clonskeagh,Dublin,Dublin City Council,MRS. BARBARA ENNIS,info@alexandracollege.ie,014977571,CHURCH OF IRELAND,Secondary,No subjects taught through Irish,Girls,Mixed,Y,N,N,N,666.0,,666
2024.0,60930L,Rosemont School,Enniskerry Road,Sandyford,Dublin 18,,D18A8N2,53.260092,-6.229269,Kilternan,Dublin,Dun Laoghaire Rathdown,MS. JANET DEAN,info@rosemont.ie,012078007,CATHOLIC,Secondary,No subjects taught through Irish,Girls,Day,Y,N,N,N,291.0,,291
2024.0,60991I,Our Lady Of Mercy Secondary School,Mourne Road,Drimnagh,Dublin 12,,D12HT22,53.330956,-6.319223,Dolphin's Barn_D12,Dublin,Dublin City Council,MR. PADHRAIC GIBBONS,admin@olmdrimnagh.com,014554691,CATHOLIC,Secondary,No subjects taught through Irish,Mixed,Day,N,N,N,Y,123.0,157.0,280
2024.0,61010U,Wesley College,Ballinteer,Dublin 16,,,D16NX73,53.277577,-6.242962,Ballinteer_Stepaside_DLR,Dublin,Dun Laoghaire Rathdown,MR. BRIAN MOORE,info@wesleycollege.ie,012987066,METHODIST,Secondary,No subjects taught through Irish,Mixed,Mixed,Y,N,N,N,465.0,485.0,950
2024.0,61020A,Stratford College,1 Zion Road,Rathgar,Dublin 6,Ireland,D06T9V3,53.309701,-6.274318,Dublin6_Clonskeagh,Dublin,Dublin City Council,MR. NATHAN BARRETT,admin@stratfordcollege.ie,014922315,JEWISH,Secondary,No subjects taught through Irish,Mixed,Day,Y,N,N,N,88.0,103.0,191
2024.0,61051L,St Clare's College,Ballyjamesduff,Co. Cavan,,,A82NT92,53.865544,-7.197306,Ballyjamesduff,Cavan,Cavan County Council,MS. TERESA DONNELLAN,stclaresbjd@gmail.com,0498544551,CATHOLIC,Secondary,No subjects taught through Irish,Mixed,Day,N,N,N,N,290.0,322.0,612
2024.0,61060M,St Patrick's College,Cullies,Cavan,Co. Cavan,,H12K827,54.009775,-7.35189,Cavan,Cavan,Cavan County Council,MR. SEAN STACK,info@edu.stpatscavan.ie,0494361888,CATHOLIC,Secondary,No subjects taught through Irish,Boys,Day,N,N,N,N,,809.0,809
2024.0,61070P,Loreto College,Cavan,Co. Cavan,,,H12WV60,54.012767,-7.373702,Cavan,Cavan,Cavan County Council,MS. MARY ANGELA MC GARVEY,office@loretocavan.ie,0494332881,CATHOLIC,Secondary,No subjects taught through Irish,Girls,Day,N,N,N,N,689.0,,689
2024.0,61080S,Royal School Cavan,College Street,Cavan,Co. Cavan,,H12AY10,53.984471,-7.361663,Cavan,Cavan,Cavan County Council,MR. PADRAIC CORLEY,info@royalschoolcavan.ie,0494361605,CHURCH OF IRELAND,Secondary,No subjects taught through Irish,Mixed,Day,N,N,N,N,163.0,191.0,354
2024.0,61120E,St Mary's Academy CBS,Railway Rd,Carlow,,,R93DD88,52.841204,-6.923414,Carlow,Carlow,Carlow County Council,MS. FIONA LENNON,principal@cbscarlow.net,0599142419,CATHOLIC,Secondary,No subjects taught through Irish,Boys,Day,N,N,N,Y,,406.0,406
2024.0,61130H,St Mary's Knockbeg College,Knockbeg,Co. Carlow,,,R93RP78,52.867065,-6.937765,Carlow,Carlow,Carlow County Council,MR. JOHN MAYE,info@knockbegcollege.ie,0599142127,CATHOLIC,Secondary,No subjects taught through Irish,Boys,Day,N,N,N,N,,493.0,493
2024.0,61140K,St. Leo's College,Dublin Road,Carlow,,,R93PW84,52.840044,-6.927433,Carlow,Carlow,Carlow County Council,MS. NIAMH GALLAGHER (BRODERICK),info@stleoscarlow.ie,0599143660,CATHOLIC,Secondary,No subjects taught through Irish,Girls,Day,N,N,N,N,885.0,,885
2024.0,61141M,Presentation College,Askea,Carlow,Co. Carlow,,R93F298,52.837018,-6.908687,Carlow,Carlow,Carlow County Council,MR. RAYMOND MURRAY,info@presentationcollegecarlow.com,0599143927,CATHOLIC,Secondary,No subjects taught through Irish,Mixed,Day,N,N,N,N,386.0,418.0,804
2024.0,61150N,Presentation / De La Salle College,Royal Oak Road,Muine Bheag,Co. Carlow,,R21X096,52.700905,-6.970115,Bagenalstown,Carlow,Carlow County Council,MR. JOHN KEANE,info@pdlsbagenalstown.com,0599721860,CATHOLIC,Secondary,No subjects taught through Irish,Mixed,Day,N,N,N,N,356.0,407.0,763
2024.0,61220I,St. Joseph's Secondary School,Doon Road,Ballybunion,Co. Kerry,,V31RT61,52.51721,-9.675393,Ballybunion,Kerry,Kerry County Council,MR. JOHN G O'DONOVAN,principal@sjsb.eu,0860424212,CATHOLIC,Secondary,No subjects taught through Irish,Mixed,Day,N,N,N,N,209.0,151.0,360
2024.0,61250R,Meanscoil Phadraig Naofa,College Road,Castleisland,Co. Kerry,,V92PY65,52.23453,-9.458005,Castleisland,Kerry,Kerry County Council,MR. TIMOTHY LONG,info@stpatscastleisland.com,0667141963,CATHOLIC,Secondary,No subjects taught through Irish,Boys,Day,N,N,N,N,,187.0,187
2024.0,61260U,Meanscoil Naomh Ioseph,Presentation Secondary School,Castleisland,Co. Kerry,,V92KC97,52.23045,-9.461851,Castleisland,Kerry,Kerry County Council,MR. PIERCE DARGAN,info@presentationcastleisland.ie,0667141178,CATHOLIC,Secondary,No subjects taught through Irish,Girls,Day,N,N,N,N,242.0,,242
2024.0,61301I,Coláiste Íde,Baile an Ghóilín,Daingean Uí Chúis,Co Chiarraí,,V92E432,52.127109,-10.30524,Dingle,Kerry,Kerry County Council,UAS. CONALL Ó CRUADHLAOICH,info@colaisteide.com,0669151211,CATHOLIC,Secondary,All pupils taught all subjects through Irish,Girls,Boarding,N,N,Y,N,113.0,,113
2024.0,61320M,St. Brendan's College,Cill Airne,Co Chiarraí,,,V93FP49,52.061061,-9.516209,Killarney,Kerry,Kerry County Council,MR. SEAN PAUL COFFEY,admin@stbrendanscollege.ie,0646631021,CATHOLIC,Secondary,No subjects taught through Irish,Boys,Day,N,N,N,N,,873.0,873
2024.0,61340S,St. Brigid's Secondary School,New Street,Killarney,Co. Kerry,,V93ND79,52.058577,-9.516136,Killarney,Kerry,Kerry County Council,MS. ROISIN MOORE,info@sbk.ie,0646632209,CATHOLIC,Secondary,No subjects taught through Irish,Girls,Day,N,N,N,N,770.0,,770
2024.0,61360B,The Intermediate School,Laharn,Killorglin,Co. Kerry,,V93NV09,52.107083,-9.795212,Killorglin_Milltown,Kerry,Kerry County Council,MR. JAMES O'DWYER,office@isk.ie,0669761246,CATHOLIC,Secondary,No subjects taught through Irish,Mixed,Day,N,N,N,N,329.0,294.0,623
2024.0,61370E,St. Michael's College,Listowel,Co. Kerry,,,V31DX31,52.447491,-9.476274,Listowel,Kerry,Kerry County Council,MR. JOHN MULVIHILL,info@stmichaelscollege.ie,06821049,CATHOLIC,Secondary,No subjects taught through Irish,Boys,Day,N,N,N,N,,327.0,327
2024.0,61380H,Presentation Secondary School,Greenville,Listowel,Co Kerry,,V31V520,52.447165,-9.493666,Listowel,Kerry,Kerry County Council,MS. KATHERINA BRODERICK,office@preslistowel.ie,06821452,CATHOLIC,Secondary,No subjects taught through Irish,Girls,Day,N,N,N,N,344.0,,344
2024.0,61410N,Presentation Secondary School,Milltown,Killarney,Co Kerry,,V93DV79,52.144744,-9.713573,Killorglin_Milltown,Kerry,Kerry County Council,MRS. KERRY HARKIN,office@presmilltown.ie,0669795455,CATHOLIC,Secondary,No subjects taught through Irish,Mixed,Day,N,N,N,N,349.0,334.0,683
2024.0,61440W,C.B.S. Secondary School,The Green,Tralee,Co. Kerry,,V92EA09,52.264356,-9.705871,Tralee,Kerry,Kerry County Council,MR. ROBERT FLAHERTY,info@thegreen.ie,0667145824,CATHOLIC,Secondary,No subjects taught through Irish,Boys,Day,N,N,N,N,,799.0,799
2024.0,61450C,Presentation Secondary School,Ballymullen,Tralee,Co. Kerry,,V92AY91,52.265746,-9.700513,Tralee,Kerry,Kerry County Council,MS. MAIREAD FINUCANE,office@prestralee.ie,0667122737,CATHOLIC,Secondary,No subjects taught through Irish,Girls,Day,N,N,N,N,526.0,,526
2024.0,61550G,Meánscoil na mBráithre Criostaí,Sráid Shéamais,Cill Chainnigh,,,R95H985,52.653114,-7.256882,Kilkenny,Kilkenny,Kilkenny County Council,MR. THOMAS CLARKE,office@cbskilkenny.ie,0567721402,CATHOLIC,Secondary,No subjects taught through Irish,Boys,Day,N,N,N,N,,836.0,836
2024.0,61560J,St Kieran's College,Secondary School,College Rd,Kilkenny,,R95Y99T,52.646954,-7.255471,Kilkenny,Kilkenny,Kilkenny County Council,MR. ADRIAN FINAN,school@stkieranscollege.ie,0567761707,CATHOLIC,Secondary,No subjects taught through Irish,Boys,Day,N,N,N,N,,802.0,802
2024.0,61570M,Kilkenny College,Castlecomer Road,Kilkenny,,,R95CF61,52.66782,-7.24767,Kilkenny,Kilkenny,Kilkenny County Council,MS. EMMA RAUGHTER,info@kilkennycollege.ie,0567761544,CHURCH OF IRELAND,Secondary,No subjects taught through Irish,Mixed,Mixed,N,N,N,N,435.0,484.0,919
2024.0,61580P,Loreto Secondary School,Granges Road,Kilkenny,,,R95W2NV,52.658916,-7.2609,Kilkenny,Kilkenny,Kilkenny County Council,MR. COLM KEHER,office@loretokk.ie,056-7765132,CATHOLIC,Secondary,No subjects taught through Irish,Girls,Day,N,N,N,N,994.0,,994
2024.0,61590S,Presentation Secondary School,Loughboy,Kilkenny,,,R95RR90,52.639033,-7.247444,Kilkenny,Kilkenny,Kilkenny County Council,MR. SHANE HALLAHAN,principal@preskilkenny.ie,0567765684,CATHOLIC,Secondary,No subjects taught through Irish,Girls,Day,N,N,N,N,902.0,,902
2024.0,61661P,Salesian College,Celbridge,Co Kildare,,,W23W0XK,53.358126,-6.551437,Celbridge,Kildare,Kildare County Council,MS. BRENDA KEARNS,office@salesianscelbridge.com,01 6272166/6272200,CATHOLIC,Secondary,No subjects taught through Irish,Boys,Day,N,N,N,N,,842.0,842
2024.0,61680T,Newbridge College,Newbridge,Co. Kildare,,,W12C241,53.188554,-6.793402,Newbridge,Kildare,Kildare County Council,MR. PATRICK O'BRIEN,info@newbridge-college.ie,045487200,CATHOLIC,Secondary,No subjects taught through Irish,Mixed,Day,Y,N,N,N,443.0,472.0,915
2024.0,61681V,Patrician Secondary School,Naas Road,Newbridge,Co. Kildare.,,W12XV38,53.184415,-6.792439,Newbridge,Kildare,Kildare County Council,MR. PATRICK NOEL MOLONEY,attendance@pssnb.com,045432410,CATHOLIC,Secondary,No subjects taught through Irish,Boys,Day,N,N,N,N,,917.0,917
2024.0,61682A,Holy Family Secondary School,Naas Road,Newbridge,Co Kildare,,W12YD71,53.183288,-6.790016,Newbridge,Kildare,Kildare County Council,MRS. SARAH ALLEN,principal@holyfamily.ie,045431957,CATHOLIC,Secondary,No subjects taught through Irish,Girls,Day,N,N,N,N,777.0,,777
2024.0,61690W,Cross And Passion College,Kilcullen,Co Kildare,,,R56E673,53.129968,-6.746861,Kilcullen,Kildare,Kildare County Council,MR. JOSEPH LEONARD,admin@cpckilcullen.com,045481524,CATHOLIC,Secondary,No subjects taught through Irish,Mixed,Day,N,N,N,N,407.0,434.0,841
2024.0,61691B,Scoil Dara,"Church St,","Kilcock,",Co Kildare.,,W23WT26,53.402994,-6.670226,Kilcock,Kildare,Kildare County Council,MR. MICHAEL MCDONAGH,info@scoildara.ie,016287258,CATHOLIC,Secondary,No subjects taught through Irish,Mixed,Day,N,N,N,N,403.0,458.0,861
2024.0,61702D,St Pauls Secondary School,Moore Abbey Demesne,Monasterevin,Co. Kildare,,W34F576,53.135235,-7.0527,Monasterevin,Kildare,Kildare County Council,MR. BRIAN BERGIN,admin@stpaulsmonasterevin.ie,045525601,CATHOLIC,Secondary,No subjects taught through Irish,Mixed,Day,N,N,N,Y,392.0,398.0,790
2024.0,61710C,Meánscoil Iognáid Ris,Naas,Co Kildare,,,W91VF9H,53.215763,-6.6619,Naas,Kildare,Kildare County Council,MR. BERNARD JAMES TRAVERS,admin@naascbs.ie,045866402,CATHOLIC,Secondary,No subjects taught through Irish,Boys,Day,N,N,N,N,,1016.0,1016
2024.0,61720F,Clongowes Wood College,Clongowes Wood College SJ,Clane,Co Kildare,Ireland,W91DN40,53.310769,-6.684721,Prosperous_Clane,Kildare,Kildare County Council,MR. CHRISTOPHER JOHN LUMB,secretary@clongowes.net,045868202,CATHOLIC,Secondary,No subjects taught through Irish,Boys,Boarding,Y,N,N,N,,433.0,433
2024.0,61730I,Coláiste Naomh Mhuire,Sallins Road,Naas,Co. Kildare,,W91VW90,53.219922,-6.664111,Naas,Kildare,Kildare County Council,MR. MARK DOWLING,principal@smcn.ie,045879634,CATHOLIC,Secondary,No subjects taught through Irish,Girls,Day,N,N,N,N,1084.0,,1084
2024.0,61770U,Arklow CBS,Coolgreaney Road,Arklow,Co Wicklow,,Y14RV04,52.797526,-6.166367,Arklow,Wicklow,Wicklow County Council,MR. PETER SOMERS,admin@arklowcbs.ie,040232564,CATHOLIC,Secondary,No subjects taught through Irish,Boys,Day,N,N,N,N,,383.0,383
2024.0,61780A,St Marys College,St Mary's Rd,Arklow,Co Wicklow,,Y14FA38,52.796916,-6.157366,Arklow,Wicklow,Wicklow County Council,MR. AIDAN WARD,info@stmarysarklow.ie,040232419,CATHOLIC,Secondary,No subjects taught through Irish,Girls,Day,N,N,N,N,540.0,,540
2024.0,61790D,Woodbrook College,Dublin Road,Woodbrook,Bray,Co. Wicklow,A98AW64,53.215465,-6.120841,Bray,Wicklow,Wicklow County Council,MR. HENRY HURLEY,info@woodbrookcollege.ie,012822317,CATHOLIC,Secondary,No subjects taught through Irish,Mixed,Day,N,N,N,Y,255.0,349.0,604
2024.0,61800D,Presentation College,Putland Road,Bray,Co. Wicklow,,A98P270,53.192311,-6.10265,Bray,Wicklow,Wicklow County Council,MR. MARTIN LOCKE,mlocke@presbray.com,012867517,CATHOLIC,Secondary,No subjects taught through Irish,Boys,Day,N,N,N,N,,649.0,649
2024.0,61811I,St. Gerard's School,Thornhill Road,Bray,Co Wicklow,A98 R242,A98R242,53.203227,-6.135285,Bray,Wicklow,Dun Laoghaire Rathdown,MR. THOMAS GERAGHTY,headmaster@stgerards.ie,012821822,CATHOLIC,Secondary,No subjects taught through Irish,Mixed,Day,Y,N,N,N,278.0,342.0,620
2024.0,61820J,Loreto Secondary School,Vevay Rd,Bray,Co Wicklow,,A98C822,53.196841,-6.106508,Bray,Wicklow,Wicklow County Council,MS. DEIRDRE RYAN,info@loretobray.com,012867481,CATHOLIC,Secondary,No subjects taught through Irish,Girls,Day,N,N,N,N,735.0,,735
2024.0,61830M,St David's Holy Faith Secondary,Co-Educational School,Greystones,Co Wicklow,,A63AW90,53.146468,-6.061422,Greystones,Wicklow,Wicklow County Council,MR. SIMON CAREY,info@stdavids.ie,012874800,CATHOLIC,Secondary,No subjects taught through Irish,Mixed,Day,N,N,N,N,364.0,408.0,772
2024.0,61860V,Dominican College,Wicklow Town,Co. Wicklow,,,A67XV58,52.977633,-6.039499,Wicklow,Wicklow,Wicklow County Council,MS. LORRAINE MYNES,admin@dcw.ie,040468111,CATHOLIC,Secondary,No subjects taught through Irish,Girls,Day,N,N,N,N,473.0,,473
2024.0,61910K,Rice College,New Road,Ennis,Co Clare,,V95FV10,52.847824,-8.979532,Ennis,Clare,Clare County Council,MR. LOUIS MULQUEEN,admin@ricecollege.ie,0656822105,CATHOLIC,Secondary,No subjects taught through Irish,Mixed,Day,N,N,N,N,247.0,453.0,700
2024.0,61920N,St Flannan's College,Ennis,Co Clare,,,V95Y102,52.834077,-8.983918,Ennis,Clare,Clare County Council,REV. IGNATIUS MC CORMACK,info@stflannanscollege.ie,0656828019,CATHOLIC,Secondary,No subjects taught through Irish,Mixed,Day,N,N,N,N,396.0,877.0,1273
2024.0,61930Q,Coláiste Mhuire,College Road,Ennis,Co Clare,,V95X683,52.846989,-8.985466,Ennis,Clare,Clare County Council,MISS JEAN A POUND,admin@colaistemuire.ie,0656829497,CATHOLIC,Secondary,No subjects taught through Irish,Girls,Day,N,N,N,N,999.0,,999
2024.0,62000W,Mary Immaculate Secondary School,Lisdoonvarna,Co Clare,,,V95R2AW,53.030582,-9.290651,Lisdoonvarna,Clare,Clare County Council,MS. MONA HYNES,mona.hynes@maryimmaculate.ie,0657075030,CATHOLIC,Secondary,No subjects taught through Irish,Mixed,Day,N,N,N,N,145.0,172.0,317
2024.0,62010C,St. Joseph's Secondary School,Spanish Point,Miltown Malbay,Co Clare,,V95NW01,52.846791,-9.431686,Spanish Point,Clare,Clare County Council,MR. PAUL REIDY,admin@stjosephsspanishpoint.com,0657084311,CATHOLIC,Secondary,No subjects taught through Irish,Mixed,Day,N,N,N,N,212.0,240.0,452
2024.0,62020F,St. Joseph's Secondary School Tulla,Tulla,Ennis,Co. Clare,,V95TY26,52.863189,-8.761525,Tulla,Clare,Clare County Council,MS. JULIET COMAN,admin@sjt.ie,0656835113,CATHOLIC,Secondary,No subjects taught through Irish,Mixed,Day,N,N,N,N,336.0,392.0,728
2024.0,62050O,Árdscoil Uí Urmoltaigh,Bandon,Co Cork,,,P72C983,51.747025,-8.74419,Bandon,Cork,Cork County Council,MS. LEONA FORAN,office@hamiltonhighschool.ie,0238844227,CATHOLIC,Secondary,No subjects taught through Irish,Boys,Day,N,N,N,N,,429.0,429
2024.0,62060R,Bandon Grammar School,Bandon,Co Cork,,,P72FD36,51.733604,-8.749395,Bandon,Cork,Cork County Council,MS. NIAMH WHITE,office@bgsmail.ie,0238841713,CHURCH OF IRELAND,Secondary,No subjects taught through Irish,Mixed,Mixed,Y,N,N,N,358.0,359.0,717
2024.0,62061T,Coláiste na Toirbhirte,Árd Aoibhinn,Bandon,Co Cork,,P72FW28,51.740349,-8.731608,Bandon,Cork,Cork County Council,MS. MARY O'DONOVAN,office@presbandon.ie,0238841814,CATHOLIC,Secondary,No subjects taught through Irish,Mixed,Day,N,N,N,N,426.0,25.0,451
2024.0,62090D,Scoil Mhuire gan Smal,Blarney,Co Cork,,,T23WP23,51.932175,-8.560099,Blarney,Cork,Cork City Council,MR. PADRAIG SHEEHAN,info@smgsblarney.ie,0214385331,CATHOLIC,Secondary,No subjects taught through Irish,Mixed,Day,N,N,N,N,503.0,579.0,1082
2024.0,62130M,Coláiste an Chroí Naofa,Carraig na bhFear,Co Chorcaí,,,T34RX93,51.984619,-8.46989,Carrignavar,Cork,Cork County Council,MR. COLM MICHEAL O'CORCORA,info@ccn.ie,0214884104,CATHOLIC,Secondary,No subjects taught through Irish,Mixed,Day,N,N,N,N,252.0,199.0,451
2024.0,62140P,St Aloysius College,Main Street,Carrigtwohill,Co.Cork,,T45CF61,51.910097,-8.259483,Midleton_Carrigtwohill,Cork,Cork County Council,MR. SEAN FRANCIS TWOMEY,admin@saintals.ie,0214883341,CATHOLIC,Secondary,No subjects taught through Irish,Girls,Day,N,N,N,N,793.0,,793
2024.0,62170B,Sacred Heart Secondary School,Convent of Mercy,Clonakilty,Co. Cork,,P85K651,51.626678,-8.880432,Clonakilty,Cork,Cork County Council,MISS ANN M BROSNAN,admin@sacredheartclonakilty.ie,0238833737,CATHOLIC,Secondary,No subjects taught through Irish,Girls,Day,N,N,N,N,558.0,,558
2024.0,62180E,Coláiste Muire,Bishop's Street,Cobh,Co Cork,,P24EW42,51.854829,-8.293889,Cobh,Cork,Cork County Council,MR. FERGUS O'BRIEN,info@colaistemuire.com,0214813800,CATHOLIC,Secondary,No subjects taught through Irish,Mixed,Day,N,N,N,N,339.0,365.0,704
2024.0,62200H,Colaiste Muire,Crosshaven,Co. Cork,,,P43HC98,51.801273,-8.298159,Crosshaven,Cork,Cork County Council,MS. ANN DOHERTY,office@colaistemuirecrosshaven.org,0214831604,CATHOLIC,Secondary,No subjects taught through Irish,Mixed,Day,N,N,N,N,259.0,259.0,518
2024.0,62210K,Nagle Rice Secondary School,Doneraile,Co. Cork,,,P51NH96,52.221611,-8.583764,Doneraile,Cork,Cork County Council,MS. BRID LYSAGHT,principal@nrss.ie,02224500,CATHOLIC,Secondary,No subjects taught through Irish,Mixed,Day,N,N,N,N,111.0,138.0,249
2024.0,62260C,Coláiste Cholmáin,Fermoy,Co. Cork,,,P61A563,52.136289,-8.278383,Fermoy,Cork,Cork County Council,MR. SÉAN LANE,office@stcolmanscollege.com,02531930,CATHOLIC,Secondary,No subjects taught through Irish,Boys,Day,N,N,N,N,,719.0,719
2024.0,62270F,Loreto Secondary School,Fermoy,Co Cork,,,P61HA21,52.135868,-8.276883,Fermoy,Cork,Cork County Council,MS. ORLA FORDE,principal@loretofermoy.ie,025 32124,CATHOLIC,Secondary,No subjects taught through Irish,Girls,Day,N,N,N,N,727.0,,727
2024.0,62290L,Scoil Mhuire,Greenfield Road,Kanturk,Co. Cork,,P51XK81,52.178227,-8.911621,Kanturk,Cork,Cork County Council,MR. DENIS KEATING,office@scoilmhuirekanturk.ie,02950807,CATHOLIC,Secondary,No subjects taught through Irish,Mixed,Day,N,N,N,N,162.0,137.0,299
2024.0,62301N,Colaiste An Phiarsaigh,Gleann Maghair,Corcaigh,,,T45HC86,51.918094,-8.398871,Riverstown_Glanmire,Cork,Cork City Council,MR. MICHAEL O'TUAMA,oifig@colanphiarsaigh.ie,0214821955,CATHOLIC,Secondary,All pupils taught all subjects through Irish,Mixed,Mixed,N,N,N,N,312.0,264.0,576
2024.0,62310O,De La Salle College,Macroom,Co Cork,,,P12X409,51.906649,-8.965275,Macroom,Cork,Cork County Council,MR. JOHN PIUS MURPHY,office@dlsmacroom.ie,02641832,CATHOLIC,Secondary,No subjects taught through Irish,Mixed,Day,N,N,N,N,,423.0,423
2024.0,62320R,St Mary'S Secondary School,St. Marys Secondary School,Macroom,Co. Cork,,P12RH67,51.903789,-8.958164,Macroom,Cork,Cork County Council,MR. STEPHEN MC LAUGHLIN,admin@stmarysmacroom.ie,02641544,CATHOLIC,Secondary,No subjects taught through Irish,Girls,Day,N,N,N,N,420.0,,420
2024.0,62330U,Patrician Academy,Mallow,Co Cork,,,P51YK80,52.139656,-8.644905,Mallow,Cork,Cork County Council,MS. ELAINE O'REGAN,admin@patricianacademy.com,02221884,CATHOLIC,Secondary,No subjects taught through Irish,Boys,Day,N,N,N,N,,570.0,570
2024.0,62350D,St Mary's Secondary School,Bathview,Mallow,Co Cork,,P51PY04,52.141366,-8.641332,Mallow,Cork,Cork County Council,ANDREA MURPHY,info@stmarysmallow.com,02221998,CATHOLIC,Secondary,No subjects taught through Irish,Girls,Day,N,N,N,N,758.0,,758
2024.0,62360G,Christian Brothers Secondary School,"Castleredmond,","Midleton,",Co. Cork.,,P25C951,51.907227,-8.170279,Midleton_Carrigtwohill,Cork,Cork County Council,MR. NIALL AHERN,office@midletoncbs.ie,0214631555,CATHOLIC,Secondary,No subjects taught through Irish,Boys,Day,N,N,N,N,,949.0,949
2024.0,62370J,Midleton College,Connolly Street,Midleton,Co.Cork,,P25F898,51.915357,-8.16942,Midleton_Carrigtwohill,Cork,Cork County Council,MR. EDWARD GASH,office@midletoncollege.ie,0214631146,CHURCH OF IRELAND,Secondary,No subjects taught through Irish,Mixed,Mixed,Y,N,N,N,223.0,261.0,484
2024.0,62380M,St Mary's High School,"Castleredmond,","Midleton,",Co. Cork.,,P25XC57,51.908303,-8.169494,Midleton_Carrigtwohill,Cork,Cork County Council,UAS. DONNACHA O'BRIAIN,info@stmarysmidleton.com,021-4631973,CATHOLIC,Secondary,No subjects taught through Irish,Girls,Day,N,N,N,N,760.0,,760
2024.0,62420V,Christian Brothers Secondary School,Mitchelstown,Co Cork,,,P67XF64,52.26376,-8.266675,Mitchelstown,Cork,Cork County Council,MS. MARY HANNON,info@cbsmitchelstown.ie,02524104,CATHOLIC,Secondary,No subjects taught through Irish,Boys,Day,N,N,N,N,,407.0,407
2024.0,62421A,Presentation Secondary School,Brigown,Mitchelstown,,,P67RC65,52.265413,-8.265304,Mitchelstown,Cork,Cork County Council,MS. LORRAINE O'KEEFFE,office@presmitchelstown.ie,02524394,CATHOLIC,Secondary,No subjects taught through Irish,Girls,Day,N,N,N,N,351.0,,351
2024.0,62440E,Scoil na mBráithre Chríostaí,Bakers Road,Charleville,Co Cork,,P56RX94,52.354522,-8.679234,Rath Luirc_Charleville,Cork,Cork County Council,MR. SEAN ROBERTS,reception@cbscharleville.com,06381789,CATHOLIC,Secondary,No subjects taught through Irish,Boys,Day,N,N,N,N,,302.0,302
2024.0,62450H,St. Mary's Secondary School,Smiths Road,Charleville,Co Cork,,P56C672,52.355069,-8.686838,Rath Luirc_Charleville,Cork,Cork County Council,MRS. GILLIAN O'CALLAGHAN,admin@stmaryscharleville.org,063 81877,CATHOLIC,Secondary,No subjects taught through Irish,Girls,Day,N,N,N,N,302.0,,302
2024.0,62460K,St Francis Capuchin College,Rochestown,Co Cork,,,T12TK82,51.869229,-8.376033,Passage West,Cork,Cork City Council,MRS. MARIE RING,info@stfranciscollege.ie,0214891417,CATHOLIC,Secondary,No subjects taught through Irish,Boys,Day,N,N,N,N,,777.0,777
2024.0,62470N,Mount St Michael,Rosscarbery,Co Cork,,,P85DY26,51.583034,-9.02573,Roscarbery,Cork,Cork County Council,MR. BART KERRISK,info@mtsm.ie,0238848114,CATHOLIC,Secondary,No subjects taught through Irish,Mixed,Day,N,N,N,N,188.0,191.0,379
2024.0,62520C,Christian Brothers College,Sidney Hill,Wellington Road,Cork.,,T23FY09,51.903624,-8.467765,Montenotte_CorkCity,Cork,Cork City Council,MR. DAVID LORDON,enquire@cbccork.ie,0214501653,CATHOLIC,Secondary,No subjects taught through Irish,Boys,Day,Y,N,N,N,,912.0,912
2024.0,62530F,North Monastery Secondary School,Our Lady's Mount,North Monastery Rd.,Cork,,T23P825,51.908002,-8.480606,Gurranbraher_CorkCity,Cork,Cork City Council,MR. JAMES BOYLE,info@northmonastery.ie,0214301318,CATHOLIC,Secondary,No subjects taught through Irish,Mixed,Day,N,N,N,Y,31.0,252.0,283
2024.0,62531H,Gaelcholáiste Mhuire,Gaelcholáiste Mhuire (A.G.),An Mhainistir Thuaidh,Corcaigh,,T23WN77,51.909225,-8.480668,Gurranbraher_CorkCity,Cork,Cork City Council,MR. DONAL O'BUACHALLA,info@gcm.ie,0214307579,CATHOLIC,Secondary,All pupils taught all subjects through Irish,Mixed,Day,N,N,N,Y,324.0,359.0,683
2024.0,62540I,Coláiste Éamann Rís,St Patrick's Road,Cork,,,T12XT96,51.890029,-8.473751,Glasheen_CorkCity,Cork,Cork City Council,MR. AARON WOLFE,info@cercork.ie,0214962025,CATHOLIC,Secondary,No subjects taught through Irish,Mixed,Day,N,N,N,Y,311.0,449.0,760
2024.0,62560O,Coláiste Chríost Rí,"Capwell Road,","Turners Cross,",Cork.,,T12YF83,51.889626,-8.464471,Glasheen_CorkCity,Cork,Cork City Council,MR. PATRICK G MCAREE,info@ccrcork.com,0214274904,CATHOLIC,Secondary,Some pupils taught some subjects through Irish,Boys,Day,N,N,N,N,,506.0,506
2024.0,62570R,Presentation Brothers College,The Mardyke,Cork,,,T12VK49,51.897594,-8.485035,Glasheen_CorkCity,Cork,Cork City Council,MR. DAVID BARRY,info@pbc-cork.ie,0214272743,CATHOLIC,Secondary,No subjects taught through Irish,Boys,Day,Y,N,N,N,,698.0,698
2024.0,62580U,Coláiste an Spioraid Naoimh,Bishopstown,Cork,,,T12C938,51.882981,-8.517577,Glasheen_CorkCity,Cork,Cork City Council,MISS BRENDA BRIDGET MARY DUNNE,csnoffice@csncork.ie,0214543790,CATHOLIC,Secondary,No subjects taught through Irish,Boys,Day,N,N,N,N,,700.0,700
2024.0,62590A,St Vincent's Secondary School,St Mary's Road,Cork,,,T23NH01,51.906567,-8.478386,Gurranbraher_CorkCity,Cork,Cork City Council,MR. JAMES DEANE,info@stvincentscork.com,0214307730,CATHOLIC,Secondary,No subjects taught through Irish,Girls,Day,N,N,N,Y,256.0,,256
2024.0,62621I,Nano Nagle College,Farranree,Cork,,,T23WD99,51.91201,-8.485558,Gurranbraher_CorkCity,Cork,Cork City Council,MR. ADRIAN GIBBS,adriangibbs@nanonaglecollege.ie,0214303330,CATHOLIC,Secondary,No subjects taught through Irish,Mixed,Day,N,N,N,Y,80.0,56.0,136
2024.0,62630J,St Aloysius School,Sharman Crawford Street,Cork,,,T12RK03,51.895678,-8.482248,Glasheen_CorkCity,Cork,Cork City Council,MS. ALEXANDRIA SAVAGE,principal@stalscork.com,0214316017,CATHOLIC,Secondary,No subjects taught through Irish,Girls,Day,N,N,N,N,318.0,,318
2024.0,62640M,St. Angela's College,St. Patrick's Hill,Cork,,Cork,T23EA33,51.902863,-8.470368,Montenotte_CorkCity,Cork,Cork City Council,MR. PATRICK CURRAN,sac.cork@gmail.com,0214500059,CATHOLIC,Secondary,No subjects taught through Irish,Girls,Day,N,N,N,N,608.0,,608
2024.0,62650P,Ursuline College Blackrock,Blackrock,Cork,,,T12HR04,51.895751,-8.416103,Ballintemple_CorkCity,Cork,Cork City Council,MR. PATRICK MCBETH,administration@urscorkb.com,0214358012,CATHOLIC,Secondary,No subjects taught through Irish,Girls,Day,N,N,N,Y,359.0,,359
2024.0,62661U,Mount Mercy College,Model Farm Road,Cork,,,T12AD60,51.889898,-8.516914,Glasheen_CorkCity,Cork,Cork City Council,MS. PATRICIA RYAN,admin@mountmercy.ie,0214542366,CATHOLIC,Secondary,No subjects taught through Irish,Girls,Day,N,N,N,N,815.0,,815
2024.0,62690E,Scoil Mhuire,1-3 Sidney Place,Wellington Road,Cork,,T23PF76,51.902221,-8.468071,Montenotte_CorkCity,Cork,Cork City Council,MRS. REGINA BUTLER,info@scoilmhuirecork.ie,0214501844,CATHOLIC,Secondary,No subjects taught through Irish,Girls,Day,Y,N,N,N,429.0,,429
2024.0,62691G,Regina Mundi College,Douglas Road,Cork,,,T12HN93,51.883151,-8.443819,Ballintemple_CorkCity,Cork,Cork City Council,MS. YVONNE LUCEY,info@reginamundicork.ie,0214291681,CATHOLIC,Secondary,No subjects taught through Irish,Girls,Day,N,N,N,N,562.0,,562
2024.0,62692I,Christ King Girls' Secondary School,Half Moon Lane,South Douglas Road,Cork,,T12R22C,51.88427,-8.462222,Ballintemple_CorkCity,Cork,Cork City Council,MS. RICHEL LONG,admin@christkingschool.com,0214961448,CATHOLIC,Secondary,No subjects taught through Irish,Girls,Day,N,N,N,N,703.0,,703
2024.0,62693K,Presentation Secondary School,Joe Murphy Road,Ballyphehane,Cork,,T12YH04,51.883846,-8.478417,Glasheen_CorkCity,Cork,Cork City Council,MR. BARRY O'SHEA,admin@presballyphehane.com,0214961765,CATHOLIC,Secondary,No subjects taught through Irish,Mixed,Day,N,N,N,Y,157.0,7.0,164
2024.0,62730N,St Patricks College,Gardiner's Hill,Cork,,,T23HX04,51.908326,-8.454949,Montenotte_CorkCity,Cork,Cork City Council,MR. BRIAN CRONIN,office@stpatrickscork.org,0214503055,CATHOLIC,Secondary,No subjects taught through Irish,Mixed,Day,N,N,N,Y,187.0,14.0,201
2024.0,62770C,Scoil Mhuire Secondary School,St. Oran's Road,Buncrana,Co. Donegal,,F93PN53,55.131336,-7.458074,Buncrana,Donegal,Donegal County Council,MS. EVELYN MC LOUGHLIN,info@scoilmhuirebuncrana.ie,0749361065,CATHOLIC,Secondary,No subjects taught through Irish,Mixed,Day,N,N,N,Y,421.0,454.0,875
2024.0,62830R,St Eunan's College,Letterkenny,Co Donegal,,,F92RR71,54.951993,-7.745485,Letterkenny,Donegal,Donegal County Council,MR. DAMIEN JAMES MC CROARY,info@sainteunans.com,0749121143,CATHOLIC,Secondary,No subjects taught through Irish,Boys,Day,N,N,N,N,,1014.0,1014
2024.0,62840U,Loreto Secondary School,Letterkenny,Co Donegal,,,F92X981,54.95019,-7.741206,Letterkenny,Donegal,Donegal County Council,SR. GERALDINE MULLEN,info@loretoletterkenny.ie,0749121850,CATHOLIC,Secondary,No subjects taught through Irish,Girls,Day,N,N,N,N,944.0,,944
2024.0,62861F,St Columbas College,Stranorlar,Co. Donegal,,,F93KN62,54.804345,-7.774472,Stranorlar,Donegal,Donegal County Council,MR. THOMAS ROWAN,admin@stcolumbasstranorlar.ie,0749131246,CATHOLIC,Secondary,No subjects taught through Irish,Mixed,Day,N,N,N,N,470.0,479.0,949
2024.0,62870G,Presentation College,"Ballygarraun South,","Athenry,",Co Galway,,H65VA49,53.298286,-8.761993,Athenry,Galway,Galway County Council,MR. CATHAL MOORE,office@presathenry.ie,091844144,CATHOLIC,Secondary,No subjects taught through Irish,Mixed,Day,N,N,N,N,553.0,528.0,1081
2024.0,62880J,Colaiste Sheosaimh,Gearrbhaile,Beál Átha na Slua,Co na Gaillimhe,,H53R273,53.323749,-8.249219,Ballinasloe,Galway,Galway County Council,MR. PAUL WALSH,garbally.college@gmail.com,0909642504,CATHOLIC,Secondary,No subjects taught through Irish,Boys,Day,N,N,N,N,,460.0,460
2024.0,62890M,Ardscoil Mhuire,Mackney,Ballinasloe,Co Galway,,H53CP40,53.322304,-8.246749,Ballinasloe,Galway,Galway County Council,PAURIC HANLON,shughes@ardscoilmhuire.ie,0909642206,CATHOLIC,Secondary,No subjects taught through Irish,Girls,Day,N,N,N,Y,481.0,,481
2024.0,62900M,Coláiste Mhuire,Ballygar,Co. Galway,,,F42D265,53.524244,-8.321261,Ballygar,Galway,Galway County Council,MS. EMMA TURLEY,info@cmballygar.ie,0906624740,CATHOLIC,Secondary,No subjects taught through Irish,Mixed,Day,N,N,N,N,147.0,147.0,294
2024.0,62930V,St. Cuan's College,Castleblakeney,Ballinasloe,Co Galway,,H53AN80,53.428697,-8.473183,Castleblakeney_Mountbellew,Galway,Galway County Council,MS. COLLETTE KENNEDY,stcuanscollege@stcuans.ie,0909678127,CATHOLIC,Secondary,No subjects taught through Irish,Mixed,Day,N,N,N,N,200.0,210.0,410
2024.0,62960H,St Joseph's College,Nun's Island,Galway,,,H91C3X5,53.272593,-9.058094,Galway City,Galway,Galway City Council,MS. SARAH THERESA GLEESON,Office@bish.ie,091565980,CATHOLIC,Secondary,No subjects taught through Irish,Boys,Day,N,N,N,N,,767.0,767
2024.0,62970K,Coláiste Iognáid S.J.,Br. Na Mara,Gaillimh,,,H91N732,53.26996,-9.061383,Galway City,Galway,Galway City Council,MR. DAVID O'SULLIVAN,admin@colaisteiognaid.ie,091501550,CATHOLIC,Secondary,Some pupils taught some subjects through Irish,Mixed,Day,N,N,N,N,281.0,355.0,636
2024.0,62981P,Coláiste Einde,Threadneedle Road,Salthill,Galway,,H91X798,53.265705,-9.089665,Galway City,Galway,Galway City Council,MISS URSULA DIAMOND,info@colaisteeinde.ie,091521407,CATHOLIC,Secondary,No subjects taught through Irish,Mixed,Day,N,N,N,Y,327.0,479.0,806
2024.0,62990Q,Dominican College,Taylors Hill,Galway,,,H91C573,53.268575,-9.076906,Galway City,Galway,Galway City Council,MR. ALAN KINSELLA,office@taylorshill.ie,091523171,CATHOLIC,Secondary,No subjects taught through Irish,Girls,Day,N,N,N,N,601.0,,601
2024.0,63001G,Jesus & Mary Secondary School,Threadneedle Road,Salthill,Galway,,H91D9H3,53.263809,-9.089557,Galway City,Galway,Galway City Council,MS. ANN MARIE FLANNERY,admin@salerno.ie,091529500,CATHOLIC,Secondary,No subjects taught through Irish,Girls,Day,N,N,N,N,666.0,,666
2024.0,63040Q,Presentation College,Headford,Co. Galway,,,H91D516,53.468371,-9.110354,Headford,Galway,Galway County Council,MISS FIONA MARY GALLAGHER,office@presheadford.ie,09335408,CATHOLIC,Secondary,No subjects taught through Irish,Mixed,Day,N,N,N,N,383.0,462.0,845
2024.0,63050T,Seamount College,Kinvara,Co Galway,,,H91N5P2,53.138747,-8.935411,Kinvara,Galway,Galway County Council,MS. MAIGHREAD MHIC DHOMHNAILL,principal@seamountcollege.ie,091 637362,CATHOLIC,Secondary,No subjects taught through Irish,Mixed,Day,N,N,N,N,352.0,276.0,628
2024.0,63070C,St Raphaels College,Loughrea,Co Galway,,,H62K271,53.197706,-8.5627,Loughrea,Galway,Galway County Council,MR. THOMAS CAFFERKY,ann.moran@saintraphaels.ie,0872959381,CATHOLIC,Secondary,No subjects taught through Irish,Mixed,Day,N,N,N,N,344.0,397.0,741
2024.0,63090I,Holy Rosary College,Mountbellew,Co Galway,,,H53VN50,53.469752,-8.497492,Castleblakeney_Mountbellew,Galway,Galway County Council,MR. THOMAS CREHAN,info@hrc.ie,0909679222,CATHOLIC,Secondary,No subjects taught through Irish,Mixed,Day,N,N,N,N,386.0,341.0,727
2024.0,63100I,Calasanctius College,Innplot,Oranmore,,,H91K7H2,53.267583,-8.933209,Oranmore,Galway,Galway County Council,MISS MARY CONLON,admin@calasanctius.ie,091794564,CATHOLIC,Secondary,No subjects taught through Irish,Mixed,Day,N,N,N,N,429.0,496.0,925
2024.0,63101K,St Pauls,Oughterard,Co Galway,,,H91PT86,53.430087,-9.32835,Oughterard,Galway,Galway County Council,MS. LINDA O'HARA,admin@stpaulsoughterard.ie,091552689,CATHOLIC,Secondary,No subjects taught through Irish,Mixed,Day,N,N,N,N,237.0,242.0,479
2024.0,63130R,Colaiste Chroi Mhuire,An Spideal,Co Na Gaillimhe,,,H91V963,53.243757,-9.307488,Spiddal_Inverin,Galway,Galway County Council,MS. TRIONA UI MHURCHU,oifig@ccm.ie,091553113,CATHOLIC,Secondary,All pupils taught all subjects through Irish,Mixed,Day,N,N,Y,N,137.0,130.0,267
2024.0,63171I,Mercy College,Woodford,Loughrea,Co. Galway,,H62N968,53.049012,-8.397263,Woodford,Galway,Galway County Council,MR. LIAM CONWAY,admin@mercycollegewoodford.ie,0909749076,CATHOLIC,Secondary,No subjects taught through Irish,Mixed,Day,N,N,N,N,85.0,77.0,162
2024.0,63190M,Marist College,Retreat Road,Athlone,Co. Westmeath,,N37RX31,53.425156,-7.92629,Athlone,Westmeath,Westmeath County Council,MR. MICHAEL DERMODY,principal@maristathlone.net,0906474491,CATHOLIC,Secondary,No subjects taught through Irish,Boys,Day,N,N,N,N,,608.0,608
2024.0,63210P,Our Lady's Bower,Retreat Rd.,Athlone,Co Westmeath,,N37TR58,53.422456,-7.922146,Athlone,Westmeath,Westmeath County Council,MS. ANNE BEADES,contact@ourladysbower.com,0906474777,CATHOLIC,Secondary,No subjects taught through Irish,Girls,Day,N,N,N,N,638.0,,638
2024.0,63221U,Meán Scoil an Chlochair,Kilbeggan,Co. Westmeath,,,N91HDH2,53.368019,-7.484084,Kilbeggan,Westmeath,Westmeath County Council,MR. GARRETT FARRELL,info@mercykilbeggan.ie,0579332292,CATHOLIC,Secondary,No subjects taught through Irish,Mixed,Day,N,N,N,N,341.0,379.0,720
2024.0,63270K,"Colaiste Mhuire,",Mullingar,Co. Westmeath,,,N91AT04,53.527279,-7.346872,Mullingar,Westmeath,Westmeath County Council,MR. KEITH QUINN,reception@cbsmullingar.ie,0449344743,CATHOLIC,Secondary,No subjects taught through Irish,Mixed,Day,N,N,N,N,,835.0,835
2024.0,63280N,St Finian's College,Longford Road,Ballyglass,Mullingar,Co Westmeath,N91H593,53.539018,-7.355282,Mullingar,Westmeath,Westmeath County Council,MR. JOHN MCHALE,secretary@stfinianscollege.ie,0449348672,CATHOLIC,Secondary,No subjects taught through Irish,Mixed,Day,N,N,N,N,463.0,414.0,877
2024.0,63290Q,Loreto College,Harbour Rd,Mullingar,Westmeath,,N91PX98,53.529699,-7.346149,Mullingar,Westmeath,Westmeath County Council,MS. OLIVIA CALLAGHAN,info@loretomullingar.com,0449342055,CATHOLIC,Secondary,No subjects taught through Irish,Girls,Day,N,N,N,N,839.0,,839
2024.0,63300Q,Wilson's Hospital School,Heathlands,Multyfarnham,Co. Westmeath,,N91AX97,53.6117,-7.417284,Mullingar,Westmeath,Westmeath County Council,MR. FRANCIS MILLING,reception@whs.ie,0449371115,CHURCH OF IRELAND,Secondary,No subjects taught through Irish,Mixed,Mixed,N,N,N,N,234.0,196.0,430
2024.0,63310T,St Joseph's Secondary School,Rochfortbridge,Co. Westmeath,,,N91XV56,53.414234,-7.302234,Rochfordbridge,Westmeath,Westmeath County Council,MS. MARGARET COLE,office@mercyrochfortbridge.ie,0449225900,CATHOLIC,Secondary,No subjects taught through Irish,Mixed,Day,N,N,N,N,555.0,570.0,1125
2024.0,63430G,St. Mary's C.B.S.,Borris Road,Portlaoise,Co. Laois,,R32C923,53.049875,-7.2793,Portlaoise,Laois,Laois County Council,MRS. MAURA MURPHY,mmurphy@portlaoisecbs.com,0578635041,CATHOLIC,Secondary,No subjects taught through Irish,Boys,Day,N,N,N,N,,806.0,806
2024.0,63451O,Scoil Chriost Ri,Presentation Secondary School,Borris Road,Portlaoise,Co Laois,R32TK70,53.048767,-7.280179,Portlaoise,Laois,Laois County Council,MR. SEAN SMYTH,office@scrpl.ie,0578668002,CATHOLIC,Secondary,No subjects taught through Irish,Girls,Day,N,N,N,N,802.0,,802
2024.0,63550Q,F.C.J. Secondary School,Bunclody,Enniscorthy,Co Wexford,,Y21K284,52.656315,-6.646386,Bunclody,Wexford,Wexford County Council,MR. BRENDAN PATRICK DALY,office@fcjbunclody.ie,0539377308,CATHOLIC,Secondary,No subjects taught through Irish,Mixed,Day,N,N,N,N,536.0,499.0,1035
2024.0,63560T,St. Mary's C.B.S.,Mill Park Road,Enniscorthy,Co Wexford,,Y21YK35,52.497448,-6.569228,Enniscorthy,Wexford,Wexford County Council,MR BRENDAN O'SULLIVAN,admin@cbsenniscorthy.ie,0539234330,CATHOLIC,Secondary,No subjects taught through Irish,Boys,Day,N,N,N,N,,772.0,772
2024.0,63570W,Coláiste Bríde,Enniscorthy,Co Wexford,,,Y21EF82,52.502817,-6.55919,Enniscorthy,Wexford,Wexford County Council,MS. CATHERINE KIERA O'SULLIVAN,office@colaistebride.ie,0539234245,CATHOLIC,Secondary,No subjects taught through Irish,Girls,Day,N,N,N,Y,753.0,,753
2024.0,63600F,Christian Brothers Secondary School,Mountgarrett,New Ross,Co Wexford,,Y34WR12,52.398542,-6.940958,New Ross,Wexford,Wexford County Council,MS. SARAH A RICE,secretary@cbsnewross.ie,051421384,CATHOLIC,Secondary,No subjects taught through Irish,Mixed,Day,N,N,N,Y,152.0,261.0,413
2024.0,63610I,Good Counsel College,New Ross,Co Wexford,,,Y34R297,52.39583,-6.931456,New Ross,Wexford,Wexford County Council,MR. MARK EDWARD O'BRIEN,info@goodcounselcollege.ie,051421182,CATHOLIC,Secondary,No subjects taught through Irish,Boys,Day,N,N,N,N,,763.0,763
2024.0,63620L,St. Mary's Secondary School,Irishtown,New Ross,,,Y34XR63,52.399489,-6.930871,New Ross,Wexford,Wexford County Council,MR. JOHN MICHAEL PORTER,stmarysnewrossinfo@gmail.com,051421637,CATHOLIC,Secondary,No subjects taught through Irish,Girls,Day,N,N,N,N,713.0,,713
2024.0,63630O,Our Lady of Lourdes Secondary School,Rosbercon,New Ross,Co Wexford,,Y34FT82,52.398297,-6.953164,New Ross,Wexford,Wexford County Council,MISS ANTONIO ORMOND,secretary@olol.ie,051422177,CATHOLIC,Secondary,No subjects taught through Irish,Girls,Day,N,N,N,N,194.0,,194
2024.0,63640R,Christian Brothers Secondary School,Thomas St,Wexford,,,Y35XV02,52.333533,-6.463421,Wexford,Wexford,Wexford County Council,MR. MICHAEL B MCMAHON,admin@wexfordcbs.ie,0539141391,CATHOLIC,Secondary,No subjects taught through Irish,Boys,Day,N,N,N,N,,721.0,721
2024.0,63650U,St Peter's College,Summerhill,Wexford,,,Y35P8WT,52.335051,-6.472301,Wexford,Wexford,Wexford County Council,MR. JOHN BANVILLE,office@stpeterscollege.ie,0539142071,CATHOLIC,Secondary,No subjects taught through Irish,Boys,Day,N,N,N,N,,784.0,784
2024.0,63660A,Loreto Secondary School,Pembroke Hill,Ballynagee,Wexford.,,Y35WT28,52.322869,-6.48575,Wexford,Wexford,Wexford County Council,MR. JOHN MC GINNITY,principal@loretowexford.com,0539146162,CATHOLIC,Secondary,No subjects taught through Irish,Girls,Day,N,N,N,N,930.0,,930
2024.0,63661C,Presentation Secondary School,Grogan's Road,Co. Wexford,Y35 XV70,,Y35XV70,52.336022,-6.46457,Wexford,Wexford,Wexford County Council,MR. WILLIAM RYAN,generaloffice@preswex.ie,0539124133,CATHOLIC,Secondary,No subjects taught through Irish,Girls,Day,N,N,N,N,981.0,,981
2024.0,63710M,Mercy Secondary School,Ballymahon,Co Longford,,,N39P8C5,53.567323,-7.764913,Ballymahon,Longford,Longford County Council,MISS JOSEPHINE DONOGHUE,principal@mercyballymahon.ie,0906432267,CATHOLIC,Secondary,No subjects taught through Irish,Mixed,Day,N,N,N,N,400.0,360.0,760
2024.0,63730S,Cnoc Mhuire,Granard,Co. Longford,,,N39D450,53.780364,-7.488724,Granard,Longford,Longford County Council,MS. PAULINE MCBRIEN,office@cnocmhuiregranard.ie,0436686231,CATHOLIC,Secondary,No subjects taught through Irish,Mixed,Day,N,N,N,N,260.0,287.0,547
2024.0,63750B,St. Mel's College,Longford,Co. Longford,,,N39XP92,53.728993,-7.793771,Longford_Newtownforbes,Longford,Longford County Council,MR. MALACHY FLANAGAN,stmels@stmelscollege.ie,0433346469,CATHOLIC,Secondary,No subjects taught through Irish,Boys,Day,N,N,N,Y,,603.0,603
2024.0,63760E,Meán Scoil Muire,5 St. Joseph's Road,Longford Town,Co. Longford,,N39H6R2,53.725613,-7.796149,Longford_Newtownforbes,Longford,Longford County Council,MS. SIOBHAN CATHERINE CULLEN,info@scoilmhuirelongford.ie,0433346608,CATHOLIC,Secondary,No subjects taught through Irish,Girls,Day,N,N,N,Y,607.0,,607
2024.0,63840C,St. Joseph's C.B.S.,Newfoundwell Rd,Drogheda,Co Louth,,A92EC62,53.724209,-6.331242,Drogheda,Louth,Louth County Council,MR. PAUL MICHAEL SAVAGE,info@droghedacbs.ie,0419837232,CATHOLIC,Secondary,No subjects taught through Irish,Mixed,Day,N,N,N,N,115.0,942.0,1057
2024.0,63841E,St Mary's Diocesan School,Beamore Road,Drogheda,Co. Louth,,A92TF24,53.708474,-6.347505,Drogheda,Louth,Louth County Council,MS. CATHERINA MCNICHOLAS,office@stmarysds.ie,0419837581,CATHOLIC,Secondary,No subjects taught through Irish,Boys,Day,N,N,N,N,,915.0,915
2024.0,63850F,Our Lady's College,Greenhills,Drogheda,Co. Louth,,A92VP28,53.720359,-6.326852,Drogheda,Louth,Louth County Council,MRS. GERALDINE MULVIHILL,office@ourladys.ie,0419831219,CATHOLIC,Secondary,No subjects taught through Irish,Girls,Day,N,N,N,N,973.0,,973
2024.0,63860I,Sacred Heart Secondary School,Sunnyside,Drogheda,Co Louth,,A92K796,53.711215,-6.342977,Drogheda,Louth,Louth County Council,MRS. LEONI CARROLL,mhoey@sacredheart.ie,0419837812,CATHOLIC,Secondary,No subjects taught through Irish,Girls,Day,N,N,N,N,706.0,,706
2024.0,63870L,Drogheda Grammar School,Mornington Road,Drogheda,Co Louth,,A92D9KF,53.718767,-6.303705,Drogheda,Louth,Louth County Council,MR. HUGH BAKER,info@droghedagrammarschool.ie,0419838281,QUAKER,Secondary,No subjects taught through Irish,Mixed,Day,Y,N,N,N,228.0,325.0,553
2024.0,63880O,Colaiste Rís,Sráid an tSéipéil,Dún Dealgan,Co Lú,,A91N798,54.007401,-6.400578,Dundalk,Louth,Louth County Council,MS. CATHERINE MULHERN,priomhoide@colaisteris.ie,0429334336,CATHOLIC,Secondary,Some pupils taught all subjects through Irish,Mixed,Day,N,N,N,N,243.0,379.0,622
2024.0,63890R,St Mary's College,"St.Marys College,","St. Marys Road,",Dundalk,Co.Louth,A91W838,54.009212,-6.39794,Dundalk,Louth,Louth County Council,MR. ALAN GERARD CRAVEN,office@maristdundalk.ie,0429339977,CATHOLIC,Secondary,No subjects taught through Irish,Mixed,Day,N,N,N,N,370.0,535.0,905
2024.0,63891T,De La Salle College,Castleblayney Road,Dundalk,Co. Louth,,A91FC91,54.016732,-6.42796,Dundalk,Louth,Louth County Council,MS. NICOLA CONNOLLY,secretary@delasalle.ie,0429331179,CATHOLIC,Secondary,No subjects taught through Irish,Mixed,Day,N,N,N,N,,760.0,760
2024.0,63900R,St Vincent's Secondary School,Seatown Place,Dundalk,Co. Louth,,A91EW81,54.005433,-6.39204,Dundalk,Louth,Louth County Council,MRS. DEIRDRE MATTHEWS,principal@stv.ie,0877434395,CATHOLIC,Secondary,No subjects taught through Irish,Girls,Day,N,N,N,N,927.0,,927
2024.0,63910U,St Louis Secondary School,Dun Lughaidh,Dundalk,Co Louth,,A91AE65,54.01704,-6.426066,Dundalk,Louth,Louth County Council,MRS. MICHELLE DOLAN,info@stlouisdundalk.ie,0429334474,CATHOLIC,Secondary,No subjects taught through Irish,Girls,Day,N,N,N,Y,498.0,,498
2024.0,63920A,Dundalk Grammar School,The Crescent,Dundalk,Co Louth,,A91FH00,53.997516,-6.410449,Dundalk,Louth,Louth County Council,MR. JONATHAN GRAHAM,records@dgs.ie,0429334459,CHURCH OF IRELAND,Secondary,No subjects taught through Irish,Mixed,Mixed,Y,N,N,N,256.0,334.0,590
2024.0,64130W,Scoil Pól,Kilfinane,Co. Limerick,,,V35YH27,52.361494,-8.471411,Kilfinane,Limerick,Limerick County Council,MICHAEL O'HARA,secretary@scoilpol.ie,06391197,CATHOLIC,Secondary,No subjects taught through Irish,Mixed,Day,N,N,N,N,370.0,351.0,721
2024.0,64150F,Glenstal Abbey School,Murroe,Co Limerick,,,V94HC84,52.660976,-8.388463,Newport,Limerick,Limerick County Council,MR. MARIUS CARNEY,administration@glenstal.com,061621010,CATHOLIC,Secondary,No subjects taught through Irish,Boys,Mixed,Y,N,N,N,,202.0,202
2024.0,64170L,Scoil Mhuire & Íde,Boherbui,Newcastle West,Co Limerick,,V42RT27,52.446156,-9.06061,Newcastlewest,Limerick,Limerick County Council,MS. MICHELLE THOMPSON,info@smincw.ie,06962443,CATHOLIC,Secondary,No subjects taught through Irish,Mixed,Day,N,N,N,N,388.0,383.0,771
2024.0,64180O,Salesian Secondary College,Don Bosco Road,Pallaskenry,Co Limerick,,V94WP86,52.647198,-8.857338,Askeaton/Foynes/Shanagolden/Pallaskenry,Limerick,Limerick County Council,MR. KEITH O'RAHILLY,secretary@salesiancollege.ie,061393105,CATHOLIC,Secondary,No subjects taught through Irish,Mixed,Day,N,N,N,N,340.0,392.0,732
2024.0,64200R,Colaiste Mhichil,Sexton Street,Limerick,,,V94NF25,52.659193,-8.621261,Limerick City,Limerick,Limerick City Council,MR. DENIS O CONNOR,info@cbssextonstreet.ie,061416628,CATHOLIC,Secondary,No subjects taught through Irish,Boys,Day,N,N,N,Y,,346.0,346
2024.0,64201T,Ardscoil Ris,North Circular Rd,Limerick,,,V94V602,52.665416,-8.641245,Limerick City,Limerick,Limerick City Council,MR. THOMAS EDWARD PRENDERGAST,asroffice@ardscoil.com,061453828,CATHOLIC,Secondary,No subjects taught through Irish,Boys,Day,N,N,N,N,,747.0,747
2024.0,64220A,St Clements College,Laurel Hill Avenue,South Circular Road,Limerick,,V94HP44,52.655869,-8.638258,Limerick City,Limerick,Limerick City Council,MICHAEL O CONNOR,admin@stclements.ie,061315878,CATHOLIC,Secondary,No subjects taught through Irish,Boys,Day,N,N,N,Y,,411.0,411
2024.0,64240G,St Munchin's College,Corbally,Limerick,,,V94HXW5,52.681994,-8.614302,Limerick City,Limerick,Limerick City Council,MR. SHANE FITZGERALD,office@stmunchinscollege.ie,061348922,CATHOLIC,Secondary,No subjects taught through Irish,Boys,Day,N,N,N,N,,662.0,662
2024.0,64250J,Coláiste Nano Nagle,Sexton Street,Limerick,,,V94YW24,52.660177,-8.622251,Limerick City,Limerick,Limerick City Council,MS. SINEAD MOLONEY,office@cnnlimerick.ie,061410390,CATHOLIC,Secondary,No subjects taught through Irish,Mixed,Day,N,N,N,Y,356.0,,356
2024.0,64260M,Laurel Hill Secondary School FCJ,Laurel Hill Secondary School FCJ,South Circular Road,Limerick,,V94D2Y5,52.654991,-8.639504,Limerick City,Limerick,Limerick City Council,MR. JAMES COLLINS,principal@laurelhillfcj.ie,061319383,CATHOLIC,Secondary,No subjects taught through Irish,Girls,Day,N,N,N,N,725.0,,725
2024.0,64270P,Laurel Hill Coláiste FCJ,Cnoc Na Labhras,Luimneach,,,V94CR26,52.655128,-8.638703,Limerick City,Limerick,Limerick City Council,MS. UNA GRIFFIN,principal@laurelhillcolaistefcj.ie,061313636,CATHOLIC,Secondary,All pupils taught all subjects through Irish,Girls,Day,N,N,N,N,343.0,,343
2024.0,64290V,Ardscoil Mhuire,Corbally,Limerick,,,V94X47D,52.670029,-8.61452,Limerick City,Limerick,Limerick City Council,MISS BRID HERBERT,info@asmlimerick.ie,061349014,CATHOLIC,Secondary,No subjects taught through Irish,Girls,Day,N,N,N,Y,574.0,,574
2024.0,64310B,Villiers Secondary School,North Circular Road,Limerick,,,V94F983,52.661748,-8.657542,Limerick City,Limerick,Limerick City Council,MS. JILL STOREY,secretary@villiers-school.com,061 451447,CHURCH OF IRELAND,Secondary,No subjects taught through Irish,Mixed,Mixed,Y,N,N,N,297.0,229.0,526
2024.0,64350N,St Patrick's Classical School,Moatlands,Navan,Co Meath,,C15CT95,53.65257,-6.697669,Navan,Meath,Meath County Council,MR. HENRY BARTHOLOMEW MCGARRY,office@stpatscs.com,0469023772,CATHOLIC,Secondary,No subjects taught through Irish,Boys,Day,N,N,N,N,,938.0,938
2024.0,64360Q,"St. Joseph's Secondary School, Navan,",Brew's Hill,Navan,Co Meath,,C15HW32,53.650164,-6.689016,Navan,Meath,Meath County Council,MR. DAVID MCCORMACK,info@mercynavan.ie,0469021830,CATHOLIC,Secondary,No subjects taught through Irish,Girls,Day,N,N,N,N,712.0,,712
2024.0,64370T,Loreto Secondary School,St Michael's,Navan,Co Meath,,C15YF83,53.652813,-6.676581,Navan,Meath,Meath County Council,MR. JOHN KELLY,skelly@loretonavan.ie,0469023830,CATHOLIC,Secondary,No subjects taught through Irish,Girls,Day,N,N,N,N,909.0,,909
2024.0,64410F,Eureka Secondary School,Cavan Rd,Kells,Co Meath,,A82R6C4,53.730276,-6.886085,Kells,Meath,Meath County Council,MS. MARIA KEENAN,office@eurekaschool.ie,0469240132,CATHOLIC,Secondary,No subjects taught through Irish,Mixed,Day,N,N,N,N,759.0,,759
2024.0,64420I,Franciscan College,Franciscan College,Gormanston,Co. Meath,,K32NH30,53.63443,-6.235851,Laytown,Meath,Meath County Council,MR. DERMOT LAVIN,adminsec@gormanstoncollege.ie,01 8412203,CATHOLIC,Secondary,No subjects taught through Irish,Mixed,Day,N,N,N,N,159.0,195.0,354
2024.0,64450R,Scoil Mhuire,Patrick Street,Trim,Co Meath,,C15FF67,53.552499,-6.789663,Trim,Meath,Meath County Council,MS. JACQUELINE MAHER,info@scoilmhuiretrim.ie,0469431439,CATHOLIC,Secondary,No subjects taught through Irish,Girls,Day,N,N,N,N,820.0,,820
2024.0,64500G,Balla Secondary School,Balla,Castlebar,Co Mayo,,F23KT65,53.806858,-9.137724,Balla,Mayo,Mayo County Council,MS. TERESA WALSH,principal@ballasecschool.com,0949365082,CATHOLIC,Secondary,No subjects taught through Irish,Mixed,Day,N,N,N,N,227.0,248.0,475
2024.0,64510J,St Muredachs College,Sligo Road,Ballina,Co Mayo,,F26FF25,54.115511,-9.144243,Ballina,Mayo,Mayo County Council,MR. WAYNE WALSH,info@stmuredachscollege.ie,096 21298,CATHOLIC,Secondary,No subjects taught through Irish,Boys,Day,N,N,N,N,,401.0,401
2024.0,64520M,St. Mary's Secondary School,Slí Ectra,Ballina,Co Mayo,,F26YXC7,54.118816,-9.166398,Ballina,Mayo,Mayo County Council,MR. ROBERT O REILLY,office@stmarysballina.ie,09670333,CATHOLIC,Secondary,No subjects taught through Irish,Girls,Day,N,N,N,N,539.0,,539
2024.0,64570E,Our Lady's Secondary School,Belmullet via Ballina,Co Mayo,,,F26RH50,54.213701,-9.983728,Belmullet,Mayo,Mayo County Council,MR. EDMUND HOLMES,info@ourladysbelmullet.ie,09781157,CATHOLIC,Secondary,No subjects taught through Irish,Mixed,Day,N,N,Y,Y,114.0,134.0,248
2024.0,64580H,St. Geralds College,Newport Road,Castlebar,Co. Mayo,,F23WV66,53.857365,-9.308135,Castlebar,Mayo,Mayo County Council,SHAUN BURKE,info@stgeraldscollege.com,0949021383,CATHOLIC,Secondary,No subjects taught through Irish,Boys,Day,N,N,N,N,,665.0,665
2024.0,64590K,St Joseph's Secondary School,Castlebar,Co Mayo,,,F23RK09,53.8558,-9.291388,Castlebar,Mayo,Mayo County Council,MR. PEADAR O TUATHAIL,info@stjosephscastlebar.com,0949021406,CATHOLIC,Secondary,No subjects taught through Irish,Girls,Day,N,N,N,N,539.0,,539
2024.0,64610N,Coláiste Cholmáin,Claremorris,Co Mayo,,,F12HW25,53.735443,-8.980462,Claremorris,Mayo,Mayo County Council,MR. ROYSTON PATRICK HESSION,Office@stcolmans.ie,0949371442,CATHOLIC,Secondary,No subjects taught through Irish,Boys,Day,N,N,N,N,,378.0,378
2024.0,64620Q,Mount St Michael,Claremorris,Co. Mayo,,,F12TY09,53.732269,-9.001322,Claremorris,Mayo,Mayo County Council,MR. CIARAN RYAN,admin@mtstmichael.ie,0949371474,CATHOLIC,Secondary,No subjects taught through Irish,Girls,Day,N,N,N,N,404.0,,404
2024.0,64630T,Jesus & Mary Secondary School,Gortnor Abbey,Crossmolina,,,F26W566,54.097478,-9.298888,Crossmolina,Mayo,Mayo County Council,MR. JOHN J MANGAN,office@gortnorabbey.ie,09631194,CATHOLIC,Secondary,No subjects taught through Irish,Mixed,Day,N,N,N,N,307.0,297.0,604
2024.0,64640W,St Joseph's Secondary School,Foxford,Co Mayo,,,F26W866,53.981885,-9.11139,Foxford,Mayo,Mayo County Council,MR. DAIRE MCMANAMON,principal@stjosephsfoxford.ie,0949256145,CATHOLIC,Secondary,No subjects taught through Irish,Mixed,Day,N,N,N,N,220.0,244.0,464
2024.0,64660F,Sancta Maria College,Louisburgh,Co Mayo,,,F28NY64,53.764704,-9.805376,Louisburgh,Mayo,Mayo County Council,MS. AINE MORAN,info@sanctamaria.ie,09866342,CATHOLIC,Secondary,No subjects taught through Irish,Mixed,Day,N,N,N,N,278.0,294.0,572
2024.0,64690O,Scoil Muire Agus Padraig,Swinford,Co Mayo,,,F12XV59,53.9421,-8.952788,Swinford,Mayo,Mayo County Council,MR. PATRICK ANTHONY DUNNE,principal@scmap.ie,0949251481,CATHOLIC,Secondary,No subjects taught through Irish,Mixed,Day,N,N,N,Y,200.0,210.0,410
2024.0,64691Q,Coláiste Mhuire,Coláiste Muire,Tuar Mhic Éadaigh,Clar Cloinne Mhuiris,Co. Mhaigh Eo,F12H766,53.665567,-9.35027,Tourmakeady,Mayo,Mayo County Council,MS. GRAINNE FLANNERY,eolas@colaistemuire.eu,0949544107,CATHOLIC,Secondary,All pupils taught all subjects through Irish,Mixed,Day,N,N,Y,N,53.0,45.0,98
2024.0,64700O,Rice College,Westport,Co Mayo,,,F28TK64,53.801138,-9.512795,Westport,Mayo,Mayo County Council,MR. MICHAEL JOHN RABBETTE,martina@ricecollegewestport.ie,09825698,CATHOLIC,Secondary,No subjects taught through Irish,Mixed,Day,N,N,N,N,,557.0,557
2024.0,64710R,Sacred Heart School,Westport,Co Mayo,,,F28Y368,53.801283,-9.516962,Westport,Mayo,Mayo County Council,MS. SARAH MC GREAL,info@shswestport.ie,09826268,CATHOLIC,Secondary,No subjects taught through Irish,Girls,Day,N,N,N,N,605.0,,605
2024.0,64750G,Patrician High School,Carrickmacross,Co. Monaghan,,,A81X256,53.982734,-6.715766,Carrickmacross,Monaghan,Monaghan County Council,MR. SEAN RAFFERTY,admin@patricianhighschool.ie,0429661525,CATHOLIC,Secondary,No subjects taught through Irish,Boys,Day,N,N,N,N,,413.0,413
2024.0,64760J,St Louis Secondary School,Carrickmacross,Co. Monaghan,,,A81HF78,53.973821,-6.718125,Carrickmacross,Monaghan,Monaghan County Council,MS. KAREN PATTON,office@stlouiscmx.com,0429661587,CATHOLIC,Secondary,No subjects taught through Irish,Girls,Day,N,N,N,N,409.0,,409
2024.0,64770M,Our Lady's Secondary School,Castleblayney,Co. Monaghan,,,A75NA43,54.11833,-6.742784,Castleblaney,Monaghan,Monaghan County Council,MR. EDDIE KELLY,office@olss.ie,0429740351,CATHOLIC,Secondary,No subjects taught through Irish,Mixed,Day,N,N,N,N,445.0,420.0,865
2024.0,64810V,St. Macartan's College,Monaghan,Co. Monaghan,,,H18X704,54.263956,-6.955457,Monaghan,Monaghan,Monaghan County Council,MR. DAVID MCCAGUE,admin@stmacartanscollege.ie,04781642,CATHOLIC,Secondary,No subjects taught through Irish,Boys,Day,N,N,N,N,,619.0,619
2024.0,64820B,St. Louis Secondary School,Monaghan,Co. Monaghan,,,H18A079,54.245105,-6.973647,Monaghan,Monaghan,Monaghan County Council,MS. MARGARET CONLON,admin@stlouismonaghan.com,04781422,CATHOLIC,Secondary,No subjects taught through Irish,Girls,Day,N,N,N,N,521.0,,521
2024.0,64830E,Monaghan Collegiate School,Corlatt,Monaghan,Co Monaghan,,H18X027,54.241394,-6.939419,Monaghan,Monaghan,Monaghan County Council,MS. TARA COWAN,admin@monaghancollegiateschool.ie,04782060,INTER DENOMINATIONAL,Secondary,No subjects taught through Irish,Mixed,Day,Y,N,N,N,136.0,113.0,249
2024.0,64880T,Scoil na mBraithre,Mitchell Street,Dungarvan,Co Waterford,,X35VW31,52.087151,-7.622851,Dungarvan,Waterford,Waterford County Council,MISS AGNES GUERIN,admin@dungarvancbs.com,05841185,CATHOLIC,Secondary,No subjects taught through Irish,Mixed,Day,N,N,N,N,,342.0,342
2024.0,64890W,St Augustines College,Abbeyside,Dungarvan,Co Waterford,,X35AH76,52.100464,-7.592662,Dungarvan,Waterford,Waterford County Council,MR. MICHAEL MARTIN O'SULLIVAN,principal@staugustines.ie,05841140,CATHOLIC,Secondary,No subjects taught through Irish,Mixed,Day,N,N,N,N,552.0,513.0,1065
2024.0,64900W,Ardscoil na nDéise,Convent Row,Dungarvan,Co. Waterford,,X35RR90,52.087464,-7.619181,Dungarvan,Waterford,Waterford County Council,JENNY WILLIAMS,info@ardscoildungarvan.com,05841464,CATHOLIC,Secondary,No subjects taught through Irish,Girls,Day,N,N,N,N,268.0,,268
2024.0,64930I,"C.B.S. Mount Sion, Waterford",Barrack Street,Waterford City,,,X91FK30,52.256072,-7.116872,Waterford,Waterford,Waterford City Council,MR. EDWARD KENNEDY,info@mountsioncbssecondary.ie,051377378,CATHOLIC,Secondary,No subjects taught through Irish,Boys,Day,N,N,N,Y,,469.0,469
2024.0,64940L,Waterpark College,Park Road,Newtown Road,Waterford,,X91RX65,52.255916,-7.101635,Waterford,Waterford,Waterford City Council,MR. HUGH HAGAN,info@waterparkcollege.com,051874445,CATHOLIC,Secondary,No subjects taught through Irish,Mixed,Day,N,N,N,N,265.0,324.0,589
2024.0,64950O,De La Salle College,Newtown,Waterford,,,X91DT68,52.25379,-7.10259,Waterford,Waterford,Waterford City Council,MR. THOMAS BOURKE,tbourke@delasallewaterford.ie,051875294,CATHOLIC,Secondary,No subjects taught through Irish,Boys,Day,N,N,N,N,,1031.0,1031
2024.0,64970U,Presentation Secondary School,Cannon Street,Waterford,,,X91YW02,52.252467,-7.127179,Waterford,Waterford,Waterford City Council,MS. SALLY RONAYNE,principal@preswaterford.ie,051376584,CATHOLIC,Secondary,No subjects taught through Irish,Girls,Day,N,N,N,Y,413.0,,413
2024.0,64971W,Our Lady of Mercy Secondary School,Ozanam St.,Waterford,,,X91DW20,52.260176,-7.125439,Waterford,Waterford,Waterford City Council,MS. MARY MEADE,office@mercywaterford.com,051373476,CATHOLIC,Secondary,No subjects taught through Irish,Girls,Day,N,N,N,Y,498.0,,498
2024.0,64990D,St Angela's Secondary School,Ursuline Convent,Waterford,,,X91TK83,52.246137,-7.113695,Waterford,Waterford,Waterford City Council,MS. BERNADETTE MCGLYNN,office@ursw.ie,051876510,CATHOLIC,Secondary,No subjects taught through Irish,Girls,Day,N,N,N,N,958.0,,958
2024.0,65010R,Newtown School,Newtown Road,Waterford City,Co.Waterford,,X91XR20,52.25152,-7.10081,Waterford,Waterford,Waterford City Council,MR. DAVID KEITH LEMON,info@newtownschool.ie,051860200,QUAKER,Secondary,No subjects taught through Irish,Mixed,Mixed,N,N,N,N,215.0,191.0,406
2024.0,65080P,C.B.S. Roscommon,Abbeytown,Galway Rd.,Roscommon Town,Co. Roscommon,F42V273,53.626365,-8.19569,Roscommon,Roscommon,Roscommon County Council,MR. KEVIN SCOLLAN,info@cbsroscommon.ie,0906626496,CATHOLIC,Secondary,No subjects taught through Irish,Boys,Day,N,N,N,N,,436.0,436
2024.0,65090S,Scoil Muire gan Smal,Convent of Mercy,Roscommon Town,Roscommon,Co.Roscommon,F42VK66,53.627366,-8.197553,Roscommon,Roscommon,Roscommon County Council,MS. MIRIAM HUNT,info@rosconvent.ie,0906626321,CATHOLIC,Secondary,No subjects taught through Irish,Mixed,Day,N,N,N,N,518.0,,518
2024.0,65100S,Scoil Mhuire,Strokestown,Co Roscommon,,,F42HW56,53.777698,-8.112443,Strokestown,Roscommon,Roscommon County Council,MR. EAMON CORRIGAN,info@smstrokestown.com,0719633223,CATHOLIC,Secondary,No subjects taught through Irish,Mixed,Day,N,N,N,N,326.0,331.0,657
2024.0,65130E,St Marys College,Ballysadare,Co Sligo,,,F91DX82,54.210747,-8.511246,Ballisodare,Sligo,Sligo County Council,MR. ANTHONY CARTY,principal@smcb.ie,0719167579,CATHOLIC,Secondary,No subjects taught through Irish,Mixed,Day,N,N,N,N,83.0,146.0,229
2024.0,65140H,Coláiste Muire,Ballymote,Co Sligo,,,F56NA09,54.093566,-8.51294,Ballymote,Sligo,Sligo County Council,MR. DAMIEN MCGRATH,principal@cmbm.ie,0719183086,CATHOLIC,Secondary,No subjects taught through Irish,Mixed,Day,N,N,N,N,157.0,174.0,331
2024.0,65150K,Jesus & Mary Secondary School,"Pier Road, Enniscrone,",Co Sligo,,,F26WR83,54.215422,-9.092455,Enniscrone,Sligo,Sligo County Council,MS. RUTH MURPHY,office@jmsschoolenniscrone.ie,096 36496,CATHOLIC,Secondary,No subjects taught through Irish,Mixed,Day,N,N,N,N,119.0,143.0,262
2024.0,65170Q,Summerhill College,College Road,Sligo,,,F91D5YF,54.265602,-8.479481,Sligo,Sligo,Sligo County Council,MR. PAUL KEOGH,info@summerhillcollege.ie,0719160311,CATHOLIC,Secondary,No subjects taught through Irish,Mixed,Day,N,N,N,N,,1108.0,1108
2024.0,65180T,Ursuline College,Finisklin,Sligo,,,F91FW54,54.275742,-8.487785,Sligo,Sligo,Sligo County Council,MR. COLM JUSTIN MC INTYRE,colm.mcintyre@ursulinecollegesligo.ie,0719161653,CATHOLIC,Secondary,No subjects taught through Irish,Girls,Day,N,N,N,N,632.0,,632
2024.0,65181V,Mercy College,Chapel Hill,Sligo,Co. Sligo,,F91CF80,54.267336,-8.46691,Sligo,Sligo,Sligo County Council,MS. ANNE MARIE GORBY,goreilly@mercycollegesligo.ie,0719143476,CATHOLIC,Secondary,Some pupils taught some subjects through Irish,Mixed,Day,N,N,N,N,675.0,1.0,676
2024.0,65190W,Sligo Grammar School,The Mall,Sligo,,,F91YW68,54.273238,-8.462929,Sligo,Sligo,Sligo County Council,MR. MICHAEL DAVID HALL,admin@sligogrammarschool.org,0719145010,CHURCH OF IRELAND,Secondary,No subjects taught through Irish,Mixed,Mixed,Y,N,N,N,211.0,284.0,495
2024.0,65240L,Presentation Secondary School,Ballingarry,Thurles,Co. Tipperary,,E41W627,52.589442,-7.565395,Ballingarry,Tipperary,Tipperary (NR) County Council,MS. ANGELA CAHILL-DURNAN,office@presbg.com,0529154104,CATHOLIC,Secondary,No subjects taught through Irish,Mixed,Day,N,N,N,Y,175.0,209.0,384
2024.0,65241N,St Josephs College,Pallas Street,Borrisoleigh,Thurles,Co Tipperary,E41WC99,52.748968,-7.960071,Borrisoleigh,Tipperary,Tipperary (NR) County Council,MR. KEVIN LAWRENCE MCCARTHY,office@stjosephscollege.ie,050451215,CATHOLIC,Secondary,No subjects taught through Irish,Mixed,Day,N,N,N,N,191.0,191.0,382
2024.0,65270U,Edmund Rice Secondary School,Mount St. Nicholas,Carrick-on-Suir,Co. Tipperary,,E32P039,52.348315,-7.399246,Carrick-on-Suir,Tipperary,Tipperary (SR) County Council,MS. MAJELLA GLEESON,info@erss.ie,051640522,CATHOLIC,Secondary,No subjects taught through Irish,Boys,Day,N,N,N,N,,316.0,316
2024.0,65280A,Scoil Mhuire,Greenhill,Carrick-On-Suir,Co Tipperary,,E32WN66,52.350464,-7.40142,Carrick-on-Suir,Tipperary,Tipperary (SR) County Council,MISS MARY B O'KEEFFE,greenhill@scoilmhuirecos.ie,051640383,CATHOLIC,Secondary,No subjects taught through Irish,Girls,Day,N,N,N,Y,486.0,,486
2024.0,65300D,Rockwell College,Cashel,Co Tipperary,,,E25ED60,52.458026,-7.892044,Cahir,Tipperary,Tipperary (SR) County Council,MS. AUDREY O'BYRNE,info@rockwellcollege.ie,06261444,CATHOLIC,Secondary,No subjects taught through Irish,Mixed,Mixed,Y,N,N,N,153.0,325.0,478
2024.0,65320J,Ardscoil na mBráithre,Kickham Street,Clonmel,Co Tipperary,,E91AC03,52.356929,-7.698909,Clonmel,Tipperary,Tipperary (SR) County Council,KAREN BRIDGET WHITE-STEENSON,accounts@cbshighschoolclonmel.ie,0526124459,CATHOLIC,Secondary,No subjects taught through Irish,Boys,Day,N,N,N,N,,700.0,700
2024.0,65330M,Loreto Secondary School,"Coleville Rd,","Clonmel,",Co Tipperary.,,E91H273,52.350323,-7.694128,Clonmel,Tipperary,Tipperary (SR) County Council,MS. ANNE JOSEPHINE MCGRATH,reception@loretoclonmel.ie,052 6121402,CATHOLIC,Secondary,No subjects taught through Irish,Girls,Day,N,N,N,N,467.0,,467
2024.0,65340P,Presentation Secondary School,Clonmel,Co Tipperary,,,E91HY49,52.348681,-7.717227,Clonmel,Tipperary,Tipperary (SR) County Council,MS. JENNIFER WILLIAMS,principal@presclonmel.com,0526123587,CATHOLIC,Secondary,No subjects taught through Irish,Girls,Day,N,N,N,N,473.0,,473
2024.0,65350S,Patrician Presentation,Rocklow Rd.,Fethard,Co Tipperary,,E91NF88,52.468234,-7.698353,Fethard,Tipperary,Tipperary (SR) County Council,MR. BILLY WALSH,ppssadmin@gmail.com,0526131572,CATHOLIC,Secondary,No subjects taught through Irish,Mixed,Day,N,N,N,Y,131.0,149.0,280
2024.0,65370B,St. Joseph's CBS Nenagh,Summerhill,Nenagh,Co Tipperary,,E45F890,52.866509,-8.193014,Nenagh,Tipperary,Tipperary (NR) County Council,MISS KAREN MOODY,principal@cbsnenagh.com,06734789,CATHOLIC,Secondary,No subjects taught through Irish,Boys,Day,N,N,N,N,,714.0,714
2024.0,65380E,St Mary's Secondary School,Nenagh,Co Tipperary,,,E45PX63,52.865012,-8.20165,Nenagh,Tipperary,Tipperary (NR) County Council,MR. JOHN CULLINANE,admin@stmarysnenagh.ie,06731450,CATHOLIC,Secondary,No subjects taught through Irish,Girls,Day,N,N,N,N,569.0,,569
2024.0,65400H,St. Mary's Secondary School,Church Road,Newport,Co Tipperary,,V94RY18,52.709632,-8.411605,Newport,Tipperary,Tipperary (NR) County Council,MR. KEVIN WILLIAM CUSACK,admin@stmarysnewport.ie,061378344,CATHOLIC,Secondary,No subjects taught through Irish,Mixed,Day,N,N,N,N,360.0,365.0,725
2024.0,65410K,Cistercian College,Roscrea,Co. Tipperary,,,E53DX37,52.96246,-7.854819,Roscrea,Tipperary,Tipperary (NR) County Council,MR. GERARD GREALISH,info@ccr.ie,050523344,CATHOLIC,Secondary,No subjects taught through Irish,Boys,Boarding,Y,N,N,N,,279.0,279
2024.0,65440T,Our Ladys Secondary School,Templemore,Co. Tipperary,,,E41EA48,52.796244,-7.829267,Templemore,Tipperary,Tipperary (NR) County Council,MS. PATRICIA MARY HIGGINS,office@ourladystemplemore.ie,050431299,CATHOLIC,Secondary,No subjects taught through Irish,Mixed,Day,N,N,N,N,274.0,324.0,598
2024.0,65450W,C.B.S. Thurles,Rossa St,Thurles,Co Tipperary,,E41HX75,52.681193,-7.814373,Thurles,Tipperary,Tipperary (NR) County Council,MR. TIERNAN O'DONNELL,reception@cbsthurles.ie,0504 22054,CATHOLIC,Secondary,No subjects taught through Irish,Boys,Day,N,N,N,N,,556.0,556
2024.0,65460C,Presentation Secondary School,Thurles,Co Tipperary,,,E41DF34,52.681366,-7.807149,Thurles,Tipperary,Tipperary (NR) County Council,MS. PATRICIA O'CALLAGHAN,principal@thurlespressec.ie,050422291,CATHOLIC,Secondary,No subjects taught through Irish,Girls,Mixed,N,N,N,N,550.0,,550
2024.0,65470F,Ursuline Secondary School,Thurles,Co. Tipperary,,,E41E726,52.679503,-7.809628,Thurles,Tipperary,Tipperary (NR) County Council,MS. CATRIONA FITZGERALD,info@uct.ie,050422147,CATHOLIC,Secondary,No subjects taught through Irish,Girls,Mixed,N,N,N,N,870.0,,870
2024.0,65490L,The Abbey School,Station Road,Tipperary Town,Co. Tipperary,,E34PD87,52.471598,-8.160205,Tipperary,Tipperary,Tipperary (SR) County Council,MS. DAVID SADLEIR,info@abbeyschool.ie,06252299,CATHOLIC,Secondary,No subjects taught through Irish,Boys,Day,N,N,N,N,,345.0,345
2024.0,65500L,St. Anne's Secondary School,St. Anne's Secondary School,Rosanna Road,Tipperary Town,Co Tipperary,E34F210,52.478625,-8.16242,Tipperary,Tipperary,Tipperary (SR) County Council,MS. JEANNE DOWLING,info@stannesschool.ie,0874171580,CATHOLIC,Secondary,No subjects taught through Irish,Girls,Day,N,N,N,N,284.0,,284
2024.0,65582Q,St Mary's Secondary School,Edenderry,Co Offaly,,,R45TY36,53.339682,-7.06,Edenderry,Offaly,Offaly County Council,MR. EMMET MCDONNELL,emullaniff@stmarysedenderry.ie,0469731457,CATHOLIC,Secondary,No subjects taught through Irish,Mixed,Day,N,N,N,N,486.0,529.0,1015
2024.0,65610S,Colaiste Choilm,O'Moore Street,Tulach Mhor,Co. Offaly,,R35WF97,53.270982,-7.490692,Tullamore_Killina,Offaly,Offaly County Council,MR. TADHG B O SULLIVAN,admin@colaistechoilmtullamore.ie,0579351756,CATHOLIC,Secondary,No subjects taught through Irish,Boys,Day,N,N,N,N,,696.0,696
2024.0,65620V,Sacred Heart Secondary School,Daingean Road,Tullamore,Co. Offaly,,R35K061,53.27665,-7.485788,Tullamore_Killina,Offaly,Offaly County Council,MS. PAULINE MCKENNA,adminoffice@shstullamore.ie,0579321747,CATHOLIC,Secondary,No subjects taught through Irish,Girls,Day,N,N,N,N,579.0,,579
2024.0,65630B,Killina Presentation Secondary School,Rahan,Tullamore,Co Offaly,,R35PX95,53.27089,-7.596414,Tullamore_Killina,Offaly,Offaly County Council,MR. JOHN COTTER,office@killinaschool.ie,0579355706,CATHOLIC,Secondary,No subjects taught through Irish,Mixed,Day,N,N,N,N,384.0,331.0,715
2024.0,68067P,St Nathy's College,Chapel Street,Ballaghaderreen,Co Roscommon,,F45V122,53.903513,-8.580733,Ballaghadereen,Roscommon,Roscommon County Council,FR. MARTIN HENRY,principal@stnathys.com,0949860010,CATHOLIC,Secondary,No subjects taught through Irish,Mixed,Day,N,N,N,Y,307.0,351.0,658
2024.0,68068R,Coláiste Íosagáin,Portarlington,Co. Laois,,,R32HV25,53.161459,-7.205456,Portarlington,Laois,Laois County Council,MR. JUSTIN BROWN,secretary@colaisteiosagainport.ie,0578623407,CATHOLIC,Secondary,No subjects taught through Irish,Mixed,Day,N,N,N,N,543.0,592.0,1135
2024.0,68070E,Mercy Secondary School Mounthawk,"Mounthawk,","Tralee,",Co. Kerry,,V92A409,52.283332,-9.723341,Tralee,Kerry,Kerry County Council,MR. JOHN J O'ROARKE,admin@mercymounthawk.ie,0667102550,CATHOLIC,Secondary,No subjects taught through Irish,Mixed,Day,N,N,N,N,753.0,573.0,1326
2024.0,68071G,John Scottus Secondary School,Old Conna,Ferndale Road,Rathmichael,Co. Dublin,A98FN12,53.217592,-6.137932,Bray,Dublin,Dublin City Council,DR. DECLAN KELLY,dkelly@johnscottusoldconna.ie,016680828,INTER DENOMINATIONAL,Secondary,No subjects taught through Irish,Mixed,Day,Y,N,N,N,82.0,115.0,197
2024.0,68072I,Gael-Choláiste Chill Dara,Seanbhóthar Luimnigh,Nás na Ríogh,,Co Chill Dara,W91E282,53.215722,-6.669372,Naas,Kildare,Kildare County Council,MR. CONOR GERALD MAHONY,eolas@gccd.ie,045898294,CATHOLIC,Secondary,All pupils taught all subjects through Irish,Mixed,Day,N,N,N,N,226.0,176.0,402
2024.0,68074M,St. Jarlaths College,TUAM,CO GALWAY,,,H54EV84,53.515808,-8.846012,Tuam,Galway,Galway County Council,MR. JOHN KELLY,info@jarlaths.ie,09324342,CATHOLIC,Secondary,No subjects taught through Irish,Mixed,Day,N,N,N,N,84.0,622.0,706
2024.0,68075O,Meanscoil Nua an Leith Triuigh,CAISLEAN GHRIAIRE,CO CHIARRAI,,,V92HY82,52.255019,-10.017977,Castlegregory,Kerry,Kerry County Council,MISS KAREN BLENNERHASSETT,principal@msltcastlegregory.ie,0667139746,CATHOLIC,Secondary,No subjects taught through Irish,Mixed,Day,N,N,N,N,83.0,75.0,158
2024.0,68077S,Árdscoil na Trionóide,Rathstewart,Athy,Co Kildare,,R14DK12,52.996178,-6.983566,Athy,Kildare,Kildare County Council,MS. IMELDA WHELAN,secretary@ardscoil.ie,059 8633151,CATHOLIC,Secondary,No subjects taught through Irish,Mixed,Day,N,N,N,N,467.0,415.0,882
2024.0,68078U,Gaelcholáiste Phort Láirge,Cúirt An Easpaig,Baile Gunnair,Port Láirge,,X91P984,52.223613,-7.064753,Waterford,Waterford,Waterford City Council,MS. CAIT NI SHE,cait@gcpl.ie,051821742,CATHOLIC,Secondary,All pupils taught all subjects through Irish,Mixed,Day,N,N,N,N,72.0,86.0,158
2024.0,68080H,Meanscoil Gharman,Teach Choill an Bhrúnaigh,Coill an Bhrúnaigh,Inis Córthaidh,,Y21XW97,52.473333,-6.557991,Enniscorthy,Wexford,Wexford County Council,MRS. NORAH HARPUR,meanscoil@meanscoilgharman.com,0860421470,INTER DENOMINATIONAL,Secondary,All pupils taught all subjects through Irish,Mixed,Day,N,N,N,N,122.0,106.0,228
2024.0,68081J,Temple Carrig Secondary School,Temple Carrig,Greystones,,,A63KT20,53.153389,-6.084677,Greystones,Wicklow,Wicklow County Council,MRS. DEBORAH CREAN,info@templecarrigschool.ie,012873610,CHURCH OF IRELAND,Secondary,No subjects taught through Irish,Mixed,Day,N,N,N,N,476.0,470.0,946
2024.0,68082L,Coláiste Ghlór na Mara,Bóthar na hAille,Baile Brigín,Co. Átha Cliath,,K32WV18,53.607324,-6.207907,Balbriggan,Dublin,Fingal County Council,MS. MAEDHBH ABAYAWICKREMA,runai@cgnm.ie,01 841 6269,MULTI DENOMINATIONAL,Secondary,All pupils taught all subjects through Irish,Mixed,Day,N,N,N,N,241.0,259.0,500
2024.0,68083N,Le Cheile Secondary School,Hollystown Road,Tyrrelstown,Dublin 15,,D15NX98,53.389535,-6.37273,Scribblestown_FinglasWest,Dublin,Fingal County Council,MS. LEONA HARRINGTON,admin@lecheilesecondaryschool.ie,018227181,CATHOLIC,Secondary,No subjects taught through Irish,Mixed,Day,N,N,N,N,450.0,509.0,959
2024.0,68101M,Hansfield ETSS,Barnwell Road,Hansfield,Dublin 15,,D15TF6F,53.390639,-6.445627,Blanchardstown_West_D15,Dublin,Fingal County Council,BERNIE JUDGE,info@hetss.ie,018614729,MULTI DENOMINATIONAL,Secondary,No subjects taught through Irish,Mixed,Day,N,N,N,N,368.0,479.0,847
2024.0,68121S,Scoil na Tríonóide Naofa,Doon,Co Limerick,,,V94Y6H6,52.600483,-8.242718,Doon_Cappamore,Limerick,Limerick County Council,MS. HELENA FOLEY,info@stn.ie,061-380378,CATHOLIC,Secondary,No subjects taught through Irish,Mixed,Day,N,N,N,N,277.0,252.0,529
2024.0,68141B,Ardscoil na Mara,Summerhill,Tramore,,,X91Y981,52.161757,-7.159851,Tramore,Waterford,Waterford County Council,MR. PADRAIG CAWLEY,principal@ardscoilnamara.ie,051395124,CATHOLIC,Secondary,No subjects taught through Irish,Mixed,Day,N,N,N,N,577.0,636.0,1213
2024.0,68161H,Gaelcholáiste an Phiarsaigh,An Mhainistir,Bóthar na Gráinsí,Ráth Fearnáin,Baile Átha Cliath 14,D14PP82,53.292355,-6.279867,Ballinteer_Stepaside_DLR,Dublin,Dun Laoghaire Rathdown,MR. JOE MAC SUIBHNE,joe@gaelcholaiste.com,014933335,MULTI DENOMINATIONAL,Secondary,All pupils taught all subjects through Irish,Mixed,Day,N,N,N,N,167.0,137.0,304
2024.0,68181N,New Cross College,Cappagh Road,Finglas,Dublin 11,,D11NC56,53.392114,-6.322811,Scribblestown_FinglasWest,Dublin,Fingal County Council,MR. DEREK LYNCH,admin@newcross.ie,018343165,CATHOLIC,Secondary,No subjects taught through Irish,Mixed,Day,N,N,N,Y,189.0,164.0,353
2024.0,68241F,Stepaside Educate Together Secondary School,Ballyogan Road,Leopardstown,,Dublin 18,D18VEA0,53.261139,-6.193981,Ballinteer_Stepaside_DLR,Dublin,Dun Laoghaire Rathdown,MR. COLIN DOYLE,admin@stepasideetss.ie,012907404,MULTI DENOMINATIONAL,Secondary,No subjects taught through Irish,Mixed,Day,N,N,N,N,287.0,372.0,659
2024.0,68261L,North Wicklow Educate Together Secondary School,Dublin Road,Bray,Co Wicklow,,A98EF88,53.208377,-6.112382,Bray,Wicklow,Wicklow County Council,MR. WILLIAM REDMOND,office@nwetss.ie,012829606,MULTI DENOMINATIONAL,Secondary,No subjects taught through Irish,Mixed,Day,N,N,N,N,130.0,195.0,325
2024.0,68262N,Bremore Educate Together Secondary School,Stephenstown Campus,Naul Road,Balbriggan,Co. Dublin,K32AD90,53.604976,-6.20367,Balbriggan,Dublin,Fingal County Council,MS. KATHLEEN JONES,info@bremoreetss.com,018415897,MULTI DENOMINATIONAL,Secondary,No subjects taught through Irish,Mixed,Day,N,N,N,N,344.0,492.0,836
2024.0,68263P,Cork Educate Together Secondary School,c/o Griffith College,Wellington Road,Cork,,T23DF3A,51.904248,-8.460665,Montenotte_CorkCity,Cork,Cork City Council,MR. COLM O'CONNOR,Info@cetsl.ie,0214357030,MULTI DENOMINATIONAL,Secondary,No subjects taught through Irish,Mixed,Day,N,N,N,N,190.0,219.0,409
2024.0,68264R,Edmund Rice College,Carrigaline,Co. Cork,,,P43XC84,51.808262,-8.382072,Carrigaline,Cork,Cork County Council,MS. ADELE J FLYNN,info@erccarrigaline.ie,0214373785,CATHOLIC,Secondary,No subjects taught through Irish,Mixed,Day,N,N,N,N,311.0,266.0,577
2024.0,68305F,Sandymount Park Educate Together Secondary School,Beach Road,Sandymount,,Dublin 4,D04Y1F6,53.333008,-6.212662,Dublin2_Dublin4,Dublin,Dublin City Council,MS. PAULA MULHALL,office@sandymountparketss.ie,019106230,MULTI DENOMINATIONAL,Secondary,No subjects taught through Irish,Mixed,Day,N,N,N,N,212.0,224.0,436
2024.0,68306H,Edmund Rice College,Phoenix Park Racecourse,Navan Road,,Dublin 15,,53.376148,-6.34976,Castleknock_D15,Dublin,Fingal County Council,MR. BRENDAN HARRINGTON,admin@ercdublin.ie,018179045,CATHOLIC,Secondary,No subjects taught through Irish,Mixed,Day,N,N,N,N,388.0,425.0,813
2024.0,68307J,Firhouse Educate Together Secondary School,Oldcourt Road,Ballycullen,Firhouse,Dublin 24,D24NY6R,53.267807,-6.332816,Firhouse_Oldbawn,Dublin,South Dublin County Council,MS. CLAIRE MATTHEWS,hello@firhouseetss.ie,019618199,MULTI DENOMINATIONAL,Secondary,No subjects taught through Irish,Mixed,Day,N,N,N,N,161.0,220.0,381
2024.0,68308L,Malahide & Portmarnock Secondary School,Swords Enterprise Park,Feltrim Road,Drinan,"Swords, Co Dublin",K67W9Y8,53.448169,-6.196747,Malahide_Nevinstown,Dublin,Fingal County Council,MS. AOIFE KELLY GIBSON,principal@mpetss.ie,019631299,MULTI DENOMINATIONAL,Secondary,No subjects taught through Irish,Mixed,Day,N,N,N,N,256.0,351.0,607
2024.0,68309N,Limerick City East Secondary School,Limerick ETSS,Groody Road,"Towlerton, Castletroy",Limerick,V9432H4,52.653202,-8.576165,Limerick City,Limerick,Limerick City Council,MR. EOIN SHINNERS,office@limericketss.ie,061-457595,MULTI DENOMINATIONAL,Secondary,No subjects taught through Irish,Mixed,Day,N,N,N,N,348.0,366.0,714
2024.0,68325L,Coláiste Chiaráin,Summerhill,Athlone,Co. Roscommon,,N37AH97,53.409291,-7.987228,Athlone,Roscommon,Roscommon County Council,MR. BRENDAN WALDRON,info@ccathlone.ie,090 6492383,CATHOLIC,Secondary,No subjects taught through Irish,Mixed,Day,N,N,N,N,445.0,513.0,958
2024.0,68345R,Wicklow Educate Together Secondary School,The Glebe,Wicklow Town,,,A67N797,52.982571,-6.048837,Wicklow,Wicklow,Wicklow County Council,MR. JOHN MADDOCK,reception@etsswicklow.ie,040433060,MULTI DENOMINATIONAL,Secondary,No subjects taught through Irish,Mixed,Day,N,N,N,Y,121.0,254.0,375
2024.0,68346T,BELMAYNE EDUCATE TOGETHER SECONDARY SCHOOL,Belmayne Avenue,Dublin 13,,,D13H2VR,53.402771,-6.170061,Donaghmede_Howth_D13,Dublin,Fingal County Council,MS. ASHLING KENEVEY,info@belmayneetss.ie,01-5392455,MULTI DENOMINATIONAL,Secondary,No subjects taught through Irish,Mixed,Day,N,N,N,N,234.0,296.0,530
2024.0,68347V,Galway City & Oranmore Educate Together Secondary School,Newtownsmith,Galway City Centre,Galway,,H91DP11,53.274795,-9.054039,Galway City,Galway,Galway City Council,MS. SARAH MOLLOY,admin@galwayetss.ie,091 394262,MULTI DENOMINATIONAL,Secondary,No subjects taught through Irish,Mixed,Day,N,N,N,N,165.0,185.0,350
2024.0,68348A,Laytown & Drogheda Educate Together Secondary School,Colpe East,Drogheda,Co Meath,,A92K0VC,53.708837,-6.297774,Drogheda,Meath,Meath County Council,SUSAN CAMPBELL,office@droghedaetss.ie,0419749803,MULTI DENOMINATIONAL,Secondary,No subjects taught through Irish,Mixed,Day,N,N,N,N,240.0,256.0,496
2024.0,68365A,Harolds Cross Educate Together Secondary School,151 -153 Harold's Cross Road,Dublin 6W,,,D6WHP44,53.323647,-6.277665,Dublin6_Clonskeagh,Dublin,Dublin City Council,MR. PADRAIG CONATY,Office@hcetss.ie,015077280,MULTI DENOMINATIONAL,Secondary,No subjects taught through Irish,Mixed,Day,N,N,N,N,159.0,191.0,350
2024.0,68366C,Goatstown Educate Together Secondary School,Goatstown Road,Dublin 14,,,D14X0A9,53.294936,-6.23286,Goatstown_Stillorgan_DLR,Dublin,Dun Laoghaire Rathdown,MR. JONATHAN BROWNER,office@goatstownetss.ie,012964449,MULTI DENOMINATIONAL,Secondary,No subjects taught through Irish,Mixed,Day,N,N,N,N,140.0,164.0,304
2024.0,68385G,Le Cheile Secondary School Ballincollig,Innishmore,Ballincollig,,,P31A072,51.890167,-8.602894,Ballincollig,Cork,Cork City Council,MS. NICOLA O CALLAGHAN,info@lecheileballincollig.ie,0212362879,CATHOLIC,Secondary,No subjects taught through Irish,Mixed,Day,N,N,N,N,94.0,101.0,195
2024.0,68386I,Gorey Educate Together Secondary School,Fort Road,Gorey,Co.Wexford,,Y25A7V7,52.682304,-6.301055,Gorey,Wexford,Wexford County Council,MR. CONOR BERRY,admin@goreyetss.ie,0877860746,MULTI DENOMINATIONAL,Secondary,No subjects taught through Irish,Mixed,Day,N,N,N,Y,114.0,146.0,260
2024.0,68387K,Blackrock Educate Together Secondary School,Tully Park,Cherrywood,Dublin 18,,,53.245437,-6.15497,Sallynoggin_Killiney_DLR,Dublin,Dun Laoghaire Rathdown,MR. DONAL EVOY,office@blackrocketss.ie,019120440,MULTI DENOMINATIONAL,Secondary,No subjects taught through Irish,Mixed,Day,N,N,N,N,76.0,109.0,185
2024.0,68405J,Coláiste Muire Máthair,St. Mary's Road,Galway,,,H91H7F8,53.271062,-9.067111,Galway City,Galway,Galway City Council,MS. ELIZABETH HERNON,principal@cmmg.ie,091 521984,CATHOLIC,Secondary,No subjects taught through Irish,Mixed,Day,N,N,N,N,294.0,471.0,765
2024.0,68425P,Coláiste Abhainn Rí,Callan North,Callan,,,R95N267,52.547748,-7.388513,Callan,Kilkenny,Kilkenny County Council,MR. ANTHONY LEAHY,principal@abhainnri.ie,0567813132,CATHOLIC,Secondary,No subjects taught through Irish,Mixed,Day,N,N,N,N,278.0,403.0,681
2024.0,68445V,St. Seton's Secondary School,Le Fanu Road,Ballyfermot,,Dublin 10,,53.344801,-6.354694,Ballyfermot_D10,Dublin,Dublin City Council,MS. SARAH GREEN,sgreen@stsetons.ie,01 626 4943,CATHOLIC,Secondary,No subjects taught through Irish,Mixed,Day,N,N,N,Y,455.0,323.0,778
2024.0,68466G,High Cross College,North Campus,Currylea,Tuam,Co Galway,H54V260,53.517751,-8.850187,Tuam,Galway,Galway County Council,MS. NEASA COSGROVE,office@highcrosscollege.ie,09324575,CATHOLIC,Secondary,No subjects taught through Irish,Mixed,Day,N,N,N,N,809.0,18.0,827
2024.0,70010V,Balbriggan Community College,Pine Ridge,Chapel St.,Balbriggan,Co Dublin,K32HE19,53.611254,-6.188233,Balbriggan,Dublin,Fingal County Council,EMMETT SHERIDAN,emmetsheridan@balbriggancc.net,018412388,INTER DENOMINATIONAL,Vocational,No subjects taught through Irish,Mixed,Day,N,N,N,Y,244.0,452.0,696
2024.0,70020B,Grange Community College,Grange Abbey Road,Donaghmede,Dublin 13,,D13NX25,53.40048,-6.157059,Donaghmede_Howth_D13,Dublin,Dublin City Council,GEORGINA DOWNES,grangeccadmin@ddletb.ie,018471422,INTER DENOMINATIONAL,Vocational,No subjects taught through Irish,Mixed,Day,N,N,N,Y,274.0,252.0,526
2024.0,70021D,Coláiste de hÍde,Br Chaisleáin Thigh Mótháin,Tamhlacht,,Baile Atha Cliath 24,D24NP82,53.301247,-6.349295,Tallaght,Dublin,South Dublin County Council,CONCHUBHAIR MAC GLOINN,eolas@colaistedehide.ie,014513984,MULTI DENOMINATIONAL,Vocational,All pupils taught all subjects through Irish,Mixed,Day,N,N,N,Y,145.0,122.0,267
2024.0,70040H,Deansrath Community College,Westbourne Rise,Clondalkin,Dublin 22,,D22RY77,53.324144,-6.42043,Clondalkin_D22,Dublin,South Dublin County Council,HELEN TAYLOR,info@deansrathcc.ie,014574144,INTER DENOMINATIONAL,Vocational,No subjects taught through Irish,Mixed,Day,N,N,N,Y,164.0,261.0,425
2024.0,70041J,Collinstown Park Community College,Neilstown Rd.,Rowlagh,Clondalkin,Dublin 22,D22X458,53.341288,-6.396128,Palmerstown_Ronanstown_D20_22,Dublin,South Dublin County Council,MS PAULINE DUFFY,collinstown@collinstownpark.ie,014572300,INTER DENOMINATIONAL,Vocational,No subjects taught through Irish,Mixed,Day,N,N,N,Y,281.0,334.0,615
2024.0,70042L,St. Kevin's Community College,Fonthill Road,Clondalkin,Dublin 22,,D22K314,53.352914,-6.405442,Lucan,Dublin,South Dublin County Council,TONY BARRY,admin@stkevinscc.ie,016266277,INTER DENOMINATIONAL,Vocational,No subjects taught through Irish,Mixed,Day,N,N,N,Y,219.0,269.0,488
2024.0,70080T,Lucan Community College,Esker Drive,Lucan,Co Dublin,,K78TF67,53.34767,-6.449756,Lucan,Dublin,South Dublin County Council,DIANE BIRNIE,admin@lucancc.ie,016282077,MULTI DENOMINATIONAL,Vocational,No subjects taught through Irish,Mixed,Day,N,N,N,N,449.0,517.0,966
2024.0,70081V,Rath Dara Community College,Rath Dara Community College,Blanchardstown Road North,Dublin 15,,D15P380,53.401924,-6.379346,Mulhuddart_Tyrrelstown_D15,Dublin,Fingal County Council,EMILY BOYLE,rcc@ddletb.ie,018201488,INTER DENOMINATIONAL,Vocational,No subjects taught through Irish,Mixed,Day,N,N,N,Y,138.0,159.0,297
2024.0,70100W,Coláiste Chilliain,Bóthar Nangor,Cluain Dolcáin,Baile Atha Cliath 22,,D22EW08,53.323818,-6.402559,Clondalkin_D22,Dublin,South Dublin County Council,FEARGAL Ó GIOLLÁIN,eolas@colaistechilliain.ie,014574888,MULTI DENOMINATIONAL,Vocational,All pupils taught all subjects through Irish,Mixed,Day,N,N,N,N,235.0,203.0,438
2024.0,70120F,St Finians Community College,Castlefarm,Swords,Co Dublin,,K67YN93,53.465233,-6.224601,Swords,Dublin,Fingal County Council,MS. PATRICIA KNIGHTLY,stfinians@ddletb.ie,018402623,MULTI DENOMINATIONAL,Vocational,No subjects taught through Irish,Mixed,Day,N,N,N,Y,310.0,351.0,661
2024.0,70121H,Fingal Community College,Seatown Road,Swords,Co Dublin,,K67E330,53.460697,-6.216778,Swords,Dublin,Fingal County Council,MARTINA DONNELLAN,mdonnellan@fingalcc.ie,018405829,INTER DENOMINATIONAL,Vocational,No subjects taught through Irish,Mixed,Day,N,N,N,N,401.0,465.0,866
2024.0,70130I,Greenhills College,Limekiln Avenue,Greenhills,Dublin 12,,D12DP8W,53.307199,-6.335139,Dolphin's Barn_D12,Dublin,South Dublin County Council,NOIRIN LANNON,admin@greenhillscollege.ie,014507779,MULTI DENOMINATIONAL,Vocational,No subjects taught through Irish,Mixed,Day,N,N,N,Y,,177.0,177
2024.0,70140L,Firhouse Community College,Firhouse Road,Dublin 24,,,D24HY03,53.276203,-6.348676,Firhouse_Oldbawn,Dublin,South Dublin County Council,SENAN NOLAN,firhousecc@ddletb.ie,014525807,INTER DENOMINATIONAL,Vocational,No subjects taught through Irish,Mixed,Day,N,N,N,N,407.0,417.0,824
2024.0,70141N,Mount Seskin Community College,Jobstown,Tallaght,Dublin 24,,D24K033,53.278795,-6.410178,Tallaght,Dublin,South Dublin County Council,AISLING RYAN,aishlingryan@ddletb.ie,014525788,INTER DENOMINATIONAL,Vocational,No subjects taught through Irish,Mixed,Day,N,N,N,Y,162.0,165.0,327
2024.0,70150O,Cabra Community College,Kilkieran Road,Cabra,Dublin 7,,D07XC84,53.368768,-6.294265,Cabra_Phibsboro_D7,Dublin,Dublin City Council,MR NEIL FLATHERTY,info@cabracc.cdetb.ie,018389577,MULTI DENOMINATIONAL,Vocational,No subjects taught through Irish,Mixed,Day,N,N,N,Y,100.0,160.0,260
2024.0,70160R,Clogher Road Community College,Clogher Road,Crumlin,Dublin 12,,D12YP11,53.327314,-6.294598,Dolphin's Barn_D12,Dublin,Dublin City Council,LESLEY BYRNE,info@clogher.cdetb.ie,014536397,MULTI DENOMINATIONAL,Vocational,No subjects taught through Irish,Mixed,Day,N,N,N,Y,117.0,152.0,269
2024.0,70180A,Coláiste Eoin,Cappagh Road,Finglas West,Dublin 11,,D11AY65,53.388041,-6.309375,Scribblestown_FinglasWest,Dublin,Dublin City Council,NEIL DUNPHY,info@eoin.cdetb.ie,018341426,MULTI DENOMINATIONAL,Vocational,No subjects taught through Irish,Mixed,Day,N,N,N,Y,100.0,176.0,276
2024.0,70200D,Ringsend College,Cambridge Road,Ringsend,Dublin 4,,D04N227,53.343798,-6.224043,Dublin2_Dublin4,Dublin,Dublin City Council,JONATHAN WALKER,info@ringsend.cdetb.ie,016684498,MULTI DENOMINATIONAL,Vocational,No subjects taught through Irish,Mixed,Day,N,N,N,Y,128.0,82.0,210
2024.0,70240P,Kylemore College,Kylemore Road,Ballyfermot,Dublin 10,,D10RY73,53.345117,-6.351674,Ballyfermot_D10,Dublin,Dublin City Council,MS DEIRDRE NOLAN,info@kylemore.cdetb.ie,016265901,MULTI DENOMINATIONAL,Vocational,No subjects taught through Irish,Mixed,Day,N,N,N,Y,192.0,274.0,466
2024.0,70250S,Marino College,14-20 Marino Mart,Fairview,Dublin 3,,D03DR72,53.36441,-6.231585,Drumcondra_Marino_Dublin1,Dublin,Dublin City Council,LISA REID,info@marino.cdetb.ie,018332100,MULTI DENOMINATIONAL,Vocational,No subjects taught through Irish,Mixed,Day,N,N,N,Y,136.0,141.0,277
2024.0,70260V,St Mac Dara's Community College,St. Mac Dara's Community College,Wellington Lane,Templeogue,Dublin 6W,D6WEW83,53.2973,-6.327576,Dublin_6w,Dublin,South Dublin County Council,FRANCES GIBSON,info@stmacdaras.ie,014566216,INTER DENOMINATIONAL,Vocational,No subjects taught through Irish,Mixed,Day,N,N,N,N,472.0,429.0,901
2024.0,70321P,Ellenfield Community College,The Thatch Road,Whitehall,Dublin 9,,D09RHN3,53.384002,-6.240501,Beaumont_CoolockD5,Dublin,Dublin City Council,AISLING ROCHE,info@ecc.cdetb.ie,018375712,MULTI DENOMINATIONAL,Vocational,No subjects taught through Irish,Mixed,Day,N,N,N,Y,60.0,43.0,103
2024.0,70330Q,Coolock Community College,Clonshaugh Road,Coolock,Dublin 17,,D17KH66,53.396803,-6.213119,Beaumont_CoolockD5,Dublin,Dublin City Council,SARAH FERNS,info@coolockcc.cdetb.ie,018481337,MULTI DENOMINATIONAL,Vocational,No subjects taught through Irish,Mixed,Day,N,N,N,Y,89.0,103.0,192
2024.0,70350W,St Bricin's College,"Railway Road,","Belturbet,",Co. Cavan,,H14P896,54.099415,-7.443474,Belturbet,Cavan,Cavan County Council,MS JODY Ó'GALLACHÓIR,info@stbricinscollege.ie,0499522170,MULTI DENOMINATIONAL,Vocational,No subjects taught through Irish,Mixed,Day,N,N,N,N,130.0,122.0,252
2024.0,70360C,St. Mogue's College,Bawnboy,Co Cavan,,,H14VW13,54.122298,-7.677955,Bawnboy,Cavan,Cavan County Council,ANN CONAGHAN,roisinneary@stmoguescollege.ie,0499523112,MULTI DENOMINATIONAL,Vocational,No subjects taught through Irish,Mixed,Day,N,N,N,Y,168.0,139.0,307
2024.0,70380I,Breifne College,Cootehill Rd,Cavan,Co Cavan,,H12H798,54.009567,-7.346224,Cavan,Cavan,Cavan County Council,BREEGE REILLY (ACTING),info@breifnecollege.ie,0494331735,MULTI DENOMINATIONAL,Vocational,No subjects taught through Irish,Mixed,Day,N,N,N,Y,504.0,389.0,893
2024.0,70390L,Virginia College,Virginia,Co Cavan,,,A82X224,53.831211,-7.084245,Virginia,Cavan,Cavan County Council,NIALL LYNCH,info@virginiacollege.ie,0498547050,MULTI DENOMINATIONAL,Vocational,No subjects taught through Irish,Mixed,Day,N,N,N,N,397.0,447.0,844
2024.0,70400L,Borris College,Borris,Co Carlow,,,R95Y778,52.5972,-6.917788,Borris,Carlow,Carlow County Council,PAT COFFEY,pat.coffey@borriscollege.ie,0599773155,MULTI DENOMINATIONAL,Vocational,No subjects taught through Irish,Mixed,Day,N,N,N,N,272.0,265.0,537
2024.0,70410O,Coláiste Eoin,Hacketstown,Co Carlow,,,R93CY86,52.861469,-6.553467,Hacketstown,Carlow,Carlow County Council,MR ALAN COSTELLO,info@ceh.ie,0596471198,MULTI DENOMINATIONAL,Vocational,No subjects taught through Irish,Mixed,Day,N,N,N,N,185.0,180.0,365
2024.0,70420R,Tyndall College,Mortarstown,Kilkenny Road,Co. Carlow,,R93N5V2,52.818676,-6.943685,Carlow,Carlow,Carlow County Council,GERRY MCGILL,tyndall.info@kilkennycarlowetb.ie,0599182250,MULTI DENOMINATIONAL,Vocational,No subjects taught through Irish,Mixed,Day,N,N,N,Y,502.0,500.0,1002
2024.0,70430U,Coláiste Aindriú,Muine Bheag,Co Carlow,,,R21EH27,52.702143,-6.950729,Bagenalstown,Carlow,Carlow County Council,SHARON COFFEY,sarah.kennedy@colaisteaindriu.ie,0599721335,MULTI DENOMINATIONAL,Vocational,No subjects taught through Irish,Mixed,Day,N,N,N,Y,48.0,92.0,140
2024.0,70440A,Gaelcholáiste Cheatharlach,Easca,Ceatharlach,,,R93HY89,52.836841,-6.910891,Carlow,Carlow,Carlow County Council,ORLAGH NI FHADAN,eolas@gcc-cw.ie,0599132130,MULTI DENOMINATIONAL,Vocational,All pupils taught all subjects through Irish,Mixed,Day,N,N,N,N,195.0,164.0,359
2024.0,70450D,Killarney Community College,New Road,Killarney,Co Kerry,V93NA48,V93NA48,52.062372,-9.519188,Killarney,Kerry,Kerry County Council,STELLA LOUGHNANE,admin@killarneycc.ie,0646632164,MULTI DENOMINATIONAL,Vocational,No subjects taught through Irish,Mixed,Day,N,N,N,Y,239.0,237.0,476
2024.0,70460G,Community College Killorglin,Killorglin,Co Kerry,,,V93PY05,52.099953,-9.784108,Killorglin_Milltown,Kerry,Kerry County Council,FIONA O'BRIEN,info@killorglincc.ie,0669761168,MULTI DENOMINATIONAL,Vocational,No subjects taught through Irish,Mixed,Day,N,N,N,Y,140.0,148.0,288
2024.0,70500P,Coláiste na Ríochta,"Upper Church St.,",Listowel,Co. Kerry,,V31WD34,52.448375,-9.479134,Listowel,Kerry,Kerry County Council,ISEULT GLYNN,info@colaistenariochta.ie,06821023,MULTI DENOMINATIONAL,Vocational,No subjects taught through Irish,Mixed,Day,N,N,N,Y,67.0,107.0,174
2024.0,70520V,Castleisland Community College,Tonbwee,Castleisland,Co.Kerry,,V92P528,52.227299,-9.456706,Castleisland,Kerry,Kerry County Council,TERESA LONERGAN,info@castleislandcc.com,0667141196,MULTI DENOMINATIONAL,Vocational,No subjects taught through Irish,Mixed,Day,N,N,N,N,197.0,225.0,422
2024.0,70540E,Causeway Comprehensive School,Causeway,Tralee,Co Kerry,,V92EP46,52.411878,-9.736091,Causeway,Kerry,Kerry County Council,MR CATHAL FITZGERALD,admin@causewaycs.ie,0667131197,INTER DENOMINATIONAL,Vocational,No subjects taught through Irish,Mixed,Day,N,N,N,Y,330.0,296.0,626
2024.0,70550H,Coláiste Gleann Lí Post Primary School,Clash Road,Tralee,,,V92XR81,52.272477,-9.686207,Tralee,Kerry,Kerry County Council,LIAM MCGILL,office@gleannli.ie,0667122552,MULTI DENOMINATIONAL,Vocational,No subjects taught through Irish,Mixed,Day,N,N,N,Y,141.0,167.0,308
2024.0,70560K,Gaelcholáiste Chiarraí,An Chluain Mhór,Trá Lí,Co Chiarraí,,V92V82V,52.266113,-9.69113,Tralee,Kerry,Kerry County Council,RUAIRÍ Ó CINNÉIDE,eolas@gcchiarrai.ie,0667121650,MULTI DENOMINATIONAL,Vocational,All pupils taught all subjects through Irish,Mixed,Day,N,N,N,N,191.0,138.0,329
2024.0,70570N,Scoil Aireagail,Ballyhale,Co. Kilkenny,,,R95AH30,52.478746,-7.213059,Ballyhale,Kilkenny,Kilkenny County Council,HELEN MCTIGUE,info@scoilaireagail.ie,0567768632,INTER DENOMINATIONAL,Vocational,No subjects taught through Irish,Mixed,Day,N,N,N,N,86.0,111.0,197
2024.0,70590T,Duiske College,Graignamanagh,Co Kilkenny,,,R95RR94,52.539894,-6.957376,Graignamanagh,Kilkenny,Kilkenny County Council,JOHN MAYE,info@duiskecollege.ie,0599724177,MULTI DENOMINATIONAL,Vocational,No subjects taught through Irish,Mixed,Day,N,N,N,Y,71.0,68.0,139
2024.0,70600T,Coláiste Mhuire,Johnstown,Co Kilkenny,,,E41H978,52.744359,-7.559445,Johnstown,Kilkenny,Kilkenny County Council,MARTIN GLEESON,info@colaistemhuirekk.ie,0568831135,MULTI DENOMINATIONAL,Vocational,No subjects taught through Irish,Mixed,Day,N,N,N,Y,268.0,386.0,654
2024.0,70610W,City Vocational School,"New Street,",Kilkenny,,,R95HW74,52.647778,-7.254474,Kilkenny,Kilkenny,Kilkenny County Council,CATHY MCSORLEY,info@kcvs.ie,0567722108,MULTI DENOMINATIONAL,Vocational,Some pupils taught all subjects through Irish,Mixed,Day,N,N,N,Y,129.0,182.0,311
2024.0,70620C,Coláiste Cois Siúire,Mooncoin,Co Kilkenny,,,X91Y168,52.290332,-7.246717,Mooncoin,Kilkenny,Kilkenny County Council,CONOR POWER,info@colaistecoissiuire.ie,051895112,MULTI DENOMINATIONAL,Vocational,No subjects taught through Irish,Mixed,Day,N,N,N,Y,51.0,108.0,159
2024.0,70640I,Grennan College,Ladywell St,Thomastown,Co Kilkenny,,R95T959,52.5283,-7.142545,Thomastown,Kilkenny,Kilkenny County Council,SEAN OG O'SULLIVAN,info@grennancollege.ie,0567724112,MULTI DENOMINATIONAL,Vocational,No subjects taught through Irish,Mixed,Day,N,N,N,Y,150.0,184.0,334
2024.0,70641K,Coláiste Pobail Osraí,Bóthar Urmhumhan,Cill Chainnigh,,,R95X510,52.648783,-7.252869,Kilkenny,Kilkenny,Kilkenny County Council,CATHNIA Ó MUIRCHEARTAIGH,oifig@osrai.ie,0567764557,INTER DENOMINATIONAL,Vocational,All pupils taught all subjects through Irish,Mixed,Day,N,N,N,N,99.0,123.0,222
2024.0,70650L,Athy Community College,Tomard,Athy,Co Kildare,,R14KT50,53.001559,-6.986399,Athy,Kildare,Kildare County Council,RICHARD DALY,cennis@athycollege.ie,0598631795,MULTI DENOMINATIONAL,Vocational,No subjects taught through Irish,Mixed,Day,N,N,N,Y,312.0,343.0,655
2024.0,70660O,Curragh Community College,McSwiney Road,Curragh,Co Kildare,,R56FW68,53.147578,-6.833804,Curragh,Kildare,Kildare County Council,NESSA DOYLE,nessadoyle@kwetb.ie,045441809,MULTI DENOMINATIONAL,Vocational,No subjects taught through Irish,Mixed,Day,N,N,N,Y,154.0,146.0,300
2024.0,70670R,Colaiste Lorcain,Castledermot,Co. Kildare,,,R14X620,52.909025,-6.838199,Castledermot,Kildare,Kildare County Council,ERIC GAUGHRAN,info@colaistelorcain.com,0599144167,INTER DENOMINATIONAL,Vocational,No subjects taught through Irish,Mixed,Day,N,N,N,N,188.0,181.0,369
2024.0,70680U,St Conleth's Community College,Station Road,Newbridge,Co Kildare,,W12C432,53.182507,-6.800841,Newbridge,Kildare,Kildare County Council,PATRICIA O'BRIEN,admin@stconlethcc365.ie,045431417,MULTI DENOMINATIONAL,Vocational,No subjects taught through Irish,Mixed,Day,N,N,N,Y,393.0,360.0,753
2024.0,70691C,Confey Community College,Confey,Leixlip,Co Kildare,,W23VH66,53.373231,-6.498517,Leixlip,Kildare,Kildare County Council,MIKE O BYRNE,info@confeycollege.org,016245322,INTER DENOMINATIONAL,Vocational,No subjects taught through Irish,Mixed,Day,N,N,N,N,434.0,477.0,911
2024.0,70700A,Maynooth Post Primary School,Mariavilla,Moyglare Road,Maynooth,Co. Kildare,W23X6X8,53.384548,-6.596452,Maynooth,Kildare,Kildare County Council,MR. JOHNNY NEVIN,principal@mpps.ie,016286060,MULTI DENOMINATIONAL,Vocational,No subjects taught through Irish,Mixed,Day,N,N,N,N,479.0,539.0,1018
2024.0,70710D,Piper's Hill College,Killashee,Naas,Co. Kildare,,W91RW14,53.195307,-6.669603,Naas,Kildare,Kildare County Council,MR. TOM MCDONALD,info@phcol.ie,045897885,MULTI DENOMINATIONAL,Vocational,No subjects taught through Irish,Mixed,Day,N,N,N,Y,486.0,560.0,1046
2024.0,70720G,St Farnan's Post Primary School,Prosperous,Co. Kildare,,,W91W520,53.286808,-6.7514,Prosperous_Clane,Kildare,Kildare County Council,MR ANDREW PURCELL,principal@stfarnans.ie,045868152,MULTI DENOMINATIONAL,Vocational,No subjects taught through Irish,Mixed,Day,N,N,N,Y,305.0,330.0,635
2024.0,70730J,Ardscoil Rath Iomgháin,Rathangan,Co Kildare,,,R51DA36,53.218076,-6.994439,Rathangan,Kildare,Kildare County Council,MR PAUL MURPHY,admin@ardscoilrathangan.ie,045528196,MULTI DENOMINATIONAL,Vocational,No subjects taught through Irish,Mixed,Day,N,N,N,Y,379.0,364.0,743
2024.0,70740M,Glenart College,Coolgreaney Rd,Arklow,Co Wicklow,,Y14YR52,52.796379,-6.174449,Arklow,Wicklow,Wicklow County Council,DAMIEN CLONEY,glenartcollege@kwetb.ie,040232149,MULTI DENOMINATIONAL,Vocational,No subjects taught through Irish,Mixed,Day,N,N,N,Y,289.0,340.0,629
2024.0,70750P,Scoil Chonglais,Baltinglass,Co Wicklow,,,W91H5XC,52.937899,-6.701157,Baltinglass,Wicklow,Wicklow County Council,PATRICK MAGUIRE,info@scoilchonglais.ie,0596481449,MULTI DENOMINATIONAL,Vocational,No subjects taught through Irish,Mixed,Day,N,N,N,N,227.0,220.0,447
2024.0,70760S,Blessington Community College,Naas Rd,Blessington,Co Wicklow,,W91RD30,53.170294,-6.539432,Blessington,Wicklow,Wicklow County Council,MR KIERAN BURKE,blessingtoncc@kwetb.ie,045865170,MULTI DENOMINATIONAL,Vocational,No subjects taught through Irish,Mixed,Day,N,N,N,N,384.0,331.0,715
2024.0,70790E,Coláiste Bhríde Carnew,Carnew,Arklow,Co Wicklow,,Y14WA00,52.709857,-6.501971,Carnew,Wicklow,Wicklow County Council,ANNA GAHAN,cbcarnew@kwetb.ie,0539426318,MULTI DENOMINATIONAL,Vocational,No subjects taught through Irish,Mixed,Day,N,N,N,N,428.0,468.0,896
2024.0,70800E,St Kevin's Community College,Dunlavin,Co Wicklow,,,W91R971,53.054165,-6.696857,Dunlavin,Wicklow,Wicklow County Council,BRIAN DORAN,stkevinscc@kwetb.ie,045406000,MULTI DENOMINATIONAL,Vocational,No subjects taught through Irish,Mixed,Day,N,N,N,Y,388.0,415.0,803
2024.0,70810H,Avondale Community College,Rathdrum,Co Wicklow,,,A67RR26,52.934487,-6.236096,Rathdrum,Wicklow,Wicklow County Council,ELAINE FITZGERALD,AvondaleCC@kwetb.ie,040446445,MULTI DENOMINATIONAL,Vocational,No subjects taught through Irish,Mixed,Day,N,N,N,Y,300.0,324.0,624
2024.0,70821M,Coláiste Raithín,Bóthar Bhaile Átha Cliath,Bré,Co Chill Mhantain,,A98X3A3,53.210018,-6.108284,Bray,Wicklow,Wicklow County Council,DÉAGLÁN Ó LAOIRE,colaisteraithin@kwetb.ie,012865180,MULTI DENOMINATIONAL,Vocational,All pupils taught all subjects through Irish,Mixed,Day,N,N,N,N,188.0,154.0,342
2024.0,70830N,Ennis Community College,Harmony Row,Ennis,Co Clare,,V95XD66,52.847187,-8.987691,Ennis,Clare,Clare County Council,JAMES O'SHAUGHNESSY,info@enniscc.ie,0656829432,MULTI DENOMINATIONAL,Vocational,Some pupils taught all subjects through Irish,Mixed,Day,N,N,N,Y,225.0,387.0,612
2024.0,70860W,St Michael's Community College,Kilmihil,Co Clare,,,V15TD30,52.724802,-9.321161,Kilmihill,Clare,Clare County Council,MS HELENA KEANE,stmichaelscckilmihil@lcetb.ie,0659050021,MULTI DENOMINATIONAL,Vocational,No subjects taught through Irish,Mixed,Day,N,N,N,N,137.0,154.0,291
2024.0,70880F,St Joseph's Community College,Carrigaholt Road,Kilkee,Co. Clare,,V15EK83,52.674576,-9.650325,Kilkee,Clare,Clare County Council,MS AGNES HEHIR,kilkeecommunitycollege@lcetb.ie,0659056446,INTER DENOMINATIONAL,Vocational,No subjects taught through Irish,Mixed,Day,N,N,N,Y,85.0,86.0,171
2024.0,70900I,Scariff Community College,Scariff Community College,Drewsborough,Scariff,Co Clare,V94Y9W2,52.902641,-8.53559,Scariff,Clare,Clare County Council,MS ANGELA MCNAMARA,scc@lcetb.ie,061921083,MULTI DENOMINATIONAL,Vocational,No subjects taught through Irish,Mixed,Day,N,N,N,N,242.0,216.0,458
2024.0,70901K,St Anne's Community College,Killaloe,Co Clare,,,V94HP60,52.802557,-8.440781,Killaloe,Clare,Clare County Council,EUKARIA O'GRADY,eukaria.ogrady@lcetb.ie,061376257,INTER DENOMINATIONAL,Vocational,No subjects taught through Irish,Mixed,Day,N,N,N,N,366.0,353.0,719
2024.0,70910L,St. Brogan's College,Kilbrogan,Bandon,Co Cork,,P72X259,51.753663,-8.737996,Bandon,Cork,Cork County Council,MS HELEN CADOGAN,admin@sbc.ie,0238841120,MULTI DENOMINATIONAL,Vocational,No subjects taught through Irish,Mixed,Day,N,N,N,Y,424.0,437.0,861
2024.0,70920O,Colaiste Ghobnatan,Baile Mhic Ire,Machromtha,Co Chorcaí,,P12X239,51.939244,-9.155703,Ballyvorney,Cork,Cork County Council,GEARÓID Ó CREIMÍN,oifig@colaisteghobnatan.ie,02645058,INTER DENOMINATIONAL,Vocational,All pupils taught all subjects through Irish,Mixed,Day,N,N,Y,N,108.0,116.0,224
2024.0,70931T,Scoil Mhuire,Béal Atha'n Ghaorthaidh,Co Chorcaí,,,P12YP62,51.84893,-9.234746,Ballingeary,Cork,Cork County Council,MR SEAN ÓG Ó DUINNÍN,oifig.scoilmhuire@corketb.ie,02647050,MULTI DENOMINATIONAL,Vocational,All pupils taught all subjects through Irish,Mixed,Day,N,N,Y,N,53.0,53.0,106
2024.0,70950A,Clonakilty Community College,Clonakilty,Co Cork,,,P85E099,51.624811,-8.887062,Clonakilty,Cork,Cork County Council,TOMMY BROWN,office@clonakiltycc.ie,0238833877,INTER DENOMINATIONAL,Vocational,Some pupils taught all subjects through Irish,Mixed,Day,N,N,N,N,92.0,608.0,700
2024.0,70960D,Coachford College,Coachford,Co Cork,,,P12DY92,51.911887,-8.793481,Coachford,Cork,Cork County Council,AINE MARIE NI FHAOLAIN,info@office.coachfordcollege.ie,0217334113,INTER DENOMINATIONAL,Vocational,No subjects taught through Irish,Mixed,Day,N,N,N,N,416.0,435.0,851
2024.0,70970G,Carrignafoy Community College,Carrignafoy,Cobh,Co. Cork,,P24WR29,51.855105,-8.286554,Cobh,Cork,Cork County Council,TRACEY KENNEDY,cobhcc@corketb.ie,0214811325,MULTI DENOMINATIONAL,Vocational,Some pupils taught some subjects through Irish,Mixed,Day,N,N,N,Y,183.0,173.0,356
2024.0,70990M,Coláiste an Chraoibhín,Duntaheen Road,Fermoy,Co Cork,,P61VX78,52.135174,-8.285294,Fermoy,Cork,Cork County Council,ROSE DESMOND (ACTING PRINCIPAL),rose.desmond@corketb.ie,02531633,MULTI DENOMINATIONAL,Vocational,No subjects taught through Irish,Mixed,Day,N,N,N,Y,447.0,475.0,922
2024.0,71000A,Coláiste Treasa,Kanturk,Co Cork,,,P51A521,52.17781,-8.901289,Kanturk,Cork,Cork County Council,VERONICA WALSH(ACTING),colaiste.treasa@corketb.ie,02950062,MULTI DENOMINATIONAL,Vocational,No subjects taught through Irish,Mixed,Day,N,N,N,N,309.0,318.0,627
2024.0,71020G,Davis College,Summerhill,Mallow,Co Cork,,P51H589,52.125035,-8.641436,Mallow,Cork,Cork County Council,STEPHEN GILBERT,admin@daviscollege.ie,022 21173,MULTI DENOMINATIONAL,Vocational,Some pupils taught some subjects through Irish,Mixed,Day,N,N,N,Y,406.0,604.0,1010
2024.0,71030J,McEgan College,Macroom,Co Cork,,,P12E291,51.904961,-8.961553,Macroom,Cork,Cork County Council,MS PATRICIA LYNAM,mceganoffice@corketb.ie,02641076,MULTI DENOMINATIONAL,Vocational,No subjects taught through Irish,Mixed,Day,N,N,N,Y,141.0,131.0,272
2024.0,71040M,Coláiste Fionnchua,Mitchelstown,Mallow,Co.Cork,,P67AK37,52.264892,-8.262391,Mitchelstown,Cork,Cork County Council,AOIFE O'KEEFFE,colaistefionnchua@corketb.ie,02524314,MULTI DENOMINATIONAL,Vocational,No subjects taught through Irish,Mixed,Day,N,N,N,Y,222.0,188.0,410
2024.0,71050P,St Colman's Community College,Youghal Road,Midleton,Co Cork,,P25W658,51.910268,-8.167466,Midleton_Carrigtwohill,Cork,Cork County Council,MAIRIN LALLY,mlally@colmans.ie,0214631696,MULTI DENOMINATIONAL,Vocational,No subjects taught through Irish,Mixed,Day,N,N,N,Y,481.0,644.0,1125
2024.0,71101G,St Aidan's Community College,Dublin Hill,Cork,,,T23YE02,51.921144,-8.462545,Gurranbraher_CorkCity,Cork,Cork City Council,MRS SHEILA CURLEY,ACCoffice@corketb.ie,0214309598,INTER DENOMINATIONAL,Vocational,No subjects taught through Irish,Mixed,Day,N,N,N,Y,155.0,174.0,329
2024.0,71102I,Schull Community College,Colla Road,Schull,,,P81RH21,51.522334,-9.546582,Schull,Cork,Cork County Council,S. BUCKLEY,office@schullcommunitycollege.com,02828315,INTER DENOMINATIONAL,Vocational,No subjects taught through Irish,Mixed,Day,N,N,N,N,192.0,167.0,359
2024.0,71103K,Coláiste Choilm,Ballincollig,Co. Cork,,,P31NY77,51.889646,-8.580323,Ballincollig,Cork,Cork City Council,MS MICHELLE SLINEY,office@colaistechoilm.ie,0214873308,INTER DENOMINATIONAL,Vocational,Some pupils taught all subjects through Irish,Mixed,Day,N,N,N,N,680.0,684.0,1364
2024.0,71110H,Nagle Community College,Avenue de Rennes,Mahon,Blackrock,,T12WT21,51.891283,-8.402976,Ballintemple_CorkCity,Cork,Cork City Council,MR JIM SULLIVAN,office@naglecc.ie,0214358633,INTER DENOMINATIONAL,Vocational,No subjects taught through Irish,Mixed,Day,N,N,N,Y,120.0,177.0,297
2024.0,71123Q,Terence Mac Swiney Community College,Hollyhill,Knocknaheeny,Cork,,T23DY01,51.904105,-8.503896,Gurranbraher_CorkCity,Cork,Cork City Council,PHIL O FLYNN,tmscc@tms.corketb.ie,0214397740,INTER DENOMINATIONAL,Vocational,Some pupils taught some subjects through Irish,Mixed,Day,N,N,N,Y,151.0,155.0,306
2024.0,71124S,Coláiste Daibhéid,Teach Buckingham,Sráid Mhuilinn na Sábhadóireachta,Corcaigh,,T12VP03,51.89369,-8.466806,Glasheen_CorkCity,Cork,Cork City Council,TADHG O LAIGHIN,oifig@colaistedaibheid.ie,0214917733,MULTI DENOMINATIONAL,Vocational,All pupils taught all subjects through Irish,Mixed,Day,N,N,N,Y,93.0,90.0,183
2024.0,71140Q,Crana College,Crana Road,Buncrana,Co. Donegal,,F93D568,55.134984,-7.457677,Buncrana,Donegal,Donegal County Council,MR KEVIN COOLEY,cranacollege@donegaletb.ie,0749361113,MULTI DENOMINATIONAL,Vocational,No subjects taught through Irish,Mixed,Day,N,N,N,Y,308.0,296.0,604
2024.0,71150T,Coláiste na Carraige,Carrick,Co. Donegal,,,F94AE20,54.655322,-8.633111,Carrick,Donegal,Donegal County Council,CAROLINE UÍ GHALLCHÓIR,cnc@donegaletb.ie,0749739071,MULTI DENOMINATIONAL,Vocational,No subjects taught through Irish,Mixed,Day,N,N,Y,Y,123.0,92.0,215
2024.0,71180F,Abbey Vocational School,The Glebe,Donegal Town,Co. Donegal,,F94A409,54.648582,-8.112509,Donegal,Donegal,Donegal County Council,ALAN THOMPSON,abbeyvs@donegaletb.ie,074 97 21105,MULTI DENOMINATIONAL,Vocational,No subjects taught through Irish,Mixed,Day,N,N,N,N,459.0,540.0,999
2024.0,71200I,Errigal College,Windyhall,Letterkenny,Co Donegal,,F92FC82,54.963152,-7.733617,Letterkenny,Donegal,Donegal County Council,DANNY MCFADDEN,dannymcfadden@donegaletb.ie,0749121047,MULTI DENOMINATIONAL,Vocational,No subjects taught through Irish,Mixed,Day,N,N,N,Y,243.0,304.0,547
2024.0,71220O,Mulroy College,Milford,Letterkenny,Co Donegal,,F92FX36,55.092693,-7.704289,Milford,Donegal,Donegal County Council,MS FIONA TEMPLE,fionatemple@donegaletb.ie,0749153346,MULTI DENOMINATIONAL,Vocational,No subjects taught through Irish,Mixed,Day,N,N,N,Y,268.0,360.0,628
2024.0,71230R,Deele College,Raphoe,Lifford,Co Donegal,,F93D237,54.873891,-7.60333,Raphoe,Donegal,Donegal County Council,MR. JOE BOYLE,deelecollege@donegaletb.ie,0749145493,MULTI DENOMINATIONAL,Vocational,No subjects taught through Irish,Mixed,Day,N,N,N,Y,400.0,431.0,831
2024.0,71240U,Finn Valley College,Drumboe Lower,Stranorlar,Lifford,Co Donegal,F93AE27,54.807187,-7.775364,Stranorlar,Donegal,Donegal County Council,SEAN MCFADDEN,fvcprincipal@donegaletb.ie,0749131684,MULTI DENOMINATIONAL,Vocational,No subjects taught through Irish,Mixed,Day,N,N,N,Y,200.0,224.0,424
2024.0,71241W,St. Catherine's Vocational School,Donegal Road,Killybegs,Co. Donegal,,F94A004,54.639241,-8.437367,Killybegs,Donegal,Donegal County Council,ANN MARIE LUBY,stcatherines@donegaletb.ie,0749731491,MULTI DENOMINATIONAL,Vocational,No subjects taught through Irish,Mixed,Day,N,N,N,Y,175.0,191.0,366
2024.0,71242B,Gairm Scoil Chú Uladh,Béal an Átha Móir,An Clochán,Leifear,Co Dhún na nGall,F93DK03,54.866204,-8.044476,Glenties,Donegal,Donegal County Council,CIARAN MAC RUAIDHIN,gcu@donegaletb.ie,0749546133,MULTI DENOMINATIONAL,Vocational,All pupils taught all subjects through Irish,Mixed,Day,N,N,Y,Y,44.0,52.0,96
2024.0,71244F,Gairmscoil Mhic Diarmada,An Leadhbgarbh,Árainn Mhór,Co Dhún na nGall,,F92YP83,54.985237,-8.492998,Dungloe,Donegal,Donegal County Council,DERVAL NEWMAN,gsmhicd@donegaletb.ie,0749520747,MULTI DENOMINATIONAL,Vocational,Some pupils taught all subjects through Irish,Mixed,Day,N,Y,Y,Y,29.0,37.0,66
2024.0,71250A,Colaiste Cholmcille,Indreabhán,Co na Gaillimhe,,,H91YH30,53.244454,-9.39045,Spiddal_Inverin,Galway,Galway County Council,PEADAR Ó SÉ,ccc@gretb.ie,091593119,MULTI DENOMINATIONAL,Vocational,All pupils taught all subjects through Irish,Mixed,Day,N,N,Y,Y,46.0,53.0,99
2024.0,71270G,Clárin College,"Newford,",Athenry,Co Galway,,H65KC65,53.293103,-8.754475,Athenry,Galway,Galway County Council,SUSAN MCGANN,susan.mcgann@gretb.ie,091844159,MULTI DENOMINATIONAL,Vocational,No subjects taught through Irish,Mixed,Day,N,N,N,N,510.0,592.0,1102
2024.0,71280J,St Brigids College,"St. Brigid's College,",Loughrea,Co. Galway,,H62XF63,53.195716,-8.559336,Loughrea,Galway,Galway County Council,MR SEAN CONNOLLY,stbrigids@gretb.ie,091 841919,MULTI DENOMINATIONAL,Vocational,No subjects taught through Irish,Mixed,Day,N,N,N,N,419.0,335.0,754
2024.0,71290M,Coláiste an Chreagáin,Mountbellew,Ballinasloe,Co Galway,,H53XT54,53.460966,-8.48403,Castleblakeney_Mountbellew,Galway,Galway County Council,MS PAULINE DAVERON ACTING,teresa.silke@gretb.ie,0909679231,MULTI DENOMINATIONAL,Vocational,No subjects taught through Irish,Mixed,Day,N,N,N,N,40.0,63.0,103
2024.0,71300M,COLÁISTE NAOMH ÉINNE,CILL RÓNÁIN,Inis Mór,Oileain Árann,Co na Gaillimhe,H91K5K8,53.125647,-9.671446,Kilronan_Aran Islands,Galway,Galway County Council,STACEY UÍ IARNÁIN,stacey.uiiarnain@gretb.ie,09961184,MULTI DENOMINATIONAL,Vocational,All pupils taught all subjects through Irish,Mixed,Day,N,Y,Y,N,31.0,23.0,54
2024.0,71310P,St Killian's College (Coláiste Chilleáin Naofa),New Inn,Ballinasloe,Co Galway,,H53KW93,53.300407,-8.488307,New Inn,Galway,Galway County Council,PAULINE DAVOREN(ACTING P),michelle.hynes@gretb.ie,0909675811,MULTI DENOMINATIONAL,Vocational,No subjects taught through Irish,Mixed,Day,N,N,N,N,74.0,99.0,173
2024.0,71320S,Coláiste Naomh Feichín,Corr na Mona,Co na Gaillimhe,,,F12YV84,53.513811,-9.45129,Cornamona,Galway,Galway County Council,GEAROIDIN NI CHONGHAILE,eolas.feichin@gretb.ie,0949548006,MULTI DENOMINATIONAL,Vocational,All pupils taught all subjects through Irish,Mixed,Day,N,N,Y,N,24.0,38.0,62
2024.0,71330V,Coláiste na Coiribe,Bothar Bhaile na mBúrcach,Cnoc na Cathrach,Gaillimh,,H91RC97,53.269649,-9.123949,Galway City,Galway,Galway City Council,EOGHAN Ó CEALLAIGH,eolas.colaistenacoiribe@gretb.ie,091592000,MULTI DENOMINATIONAL,Vocational,All pupils taught all subjects through Irish,Mixed,Day,N,N,Y,N,327.0,339.0,666
2024.0,71370K,Coláiste Ghobnait,Inis Oírr,Oileáin Árann,Co.na.Gaillimhe,,H91V215,53.063328,-9.52281,Kilronan_Aran Islands,Galway,Galway County Council,BRID NI DHONNACHA,brid.nidhonncha@gretb.ie,09975016,MULTI DENOMINATIONAL,Vocational,All pupils taught all subjects through Irish,Mixed,Day,N,Y,Y,N,20.0,18.0,38
2024.0,71380N,Coláiste Na bPiarsach,Ros Muc,Co na Gaillimhe,,,H91R838,53.386845,-9.610517,Rosmuc,Galway,Galway County Council,MR EOIN Ó MAINÍN,piarsach@gretb.ie,091574100,MULTI DENOMINATIONAL,Vocational,All pupils taught all subjects through Irish,Mixed,Day,N,N,Y,Y,22.0,33.0,55
2024.0,71390Q,Archbishop McHale College,"Dublin Road, Tuam",Tuam,Co Galway,Galway,H54KC66,53.510474,-8.845331,Tuam,Galway,Galway County Council,JOHN DAVID KEARNEY,ann.donnellan-daly@gretb.ie,09324237,MULTI DENOMINATIONAL,Vocational,No subjects taught through Irish,Mixed,Day,N,N,N,Y,155.0,316.0,471
2024.0,71400Q,Galway Community College,Moneenageisha,Wellpark,Galway,,H91K642,53.283283,-9.033399,Galway City,Galway,Galway City Council,MR BRIAN MELIA,brian.melia@gretb.ie,091755464,INTER DENOMINATIONAL,Vocational,No subjects taught through Irish,Mixed,Day,N,N,N,Y,206.0,248.0,454
2024.0,71410T,Athlone Community College,Retreat Road,Athlone,Co Westmeath,,N37Y985,53.424571,-7.920843,Athlone,Westmeath,Westmeath County Council,MS LISA O'KENNEDY,info.acc@lwetb.ie,0906472625,MULTI DENOMINATIONAL,Vocational,Some pupils taught some subjects through Irish,Mixed,Day,N,N,N,N,572.0,589.0,1161
2024.0,71420W,Castlepollard Community College,Castlepollard,Mullingar,Co Westmeath,,N91EF89,53.674585,-7.305088,Castlepollard,Westmeath,Westmeath County Council,NATASHA GREVILLE,admin.ccc@lwetb.ie,0449661163,MULTI DENOMINATIONAL,Vocational,No subjects taught through Irish,Mixed,Day,N,N,N,Y,162.0,172.0,334
2024.0,71430C,Columba College,Killucan,Co Westmeath,,,N91ET78,53.51651,-7.139886,Killucan,Westmeath,Westmeath County Council,MR DERMOT BRADY,admin.cck@lwetb.ie,0449374107,MULTI DENOMINATIONAL,Vocational,No subjects taught through Irish,Mixed,Day,N,N,N,Y,109.0,188.0,297
2024.0,71450I,Mullingar Community College,Millmount Road,Mullingar,Co. Westmeath,,N91TC59,53.524192,-7.334499,Mullingar,Westmeath,Westmeath County Council,MR SEAMUS MOHAN,admin.mcc@lwetb.ie,0449340786,MULTI DENOMINATIONAL,Vocational,No subjects taught through Irish,Mixed,Day,N,N,N,Y,152.0,223.0,375
2024.0,71470O,Clonaslee College,Clonaslee,Co. Laois,,,R32R972,53.145489,-7.513791,Clonaslee,Laois,Laois County Council,SUZANNE MCMAHON,info@clonasleecollege.ie,0578648044,MULTI DENOMINATIONAL,Vocational,No subjects taught through Irish,Mixed,Day,N,N,N,N,106.0,150.0,256
2024.0,71510A,Portlaoise College,Mountrath Road,Portlaoise,,,R32N795,53.035546,-7.313274,Portlaoise,Laois,Laois County Council,MR NOEL DALY,info@portlaoisecollege.ie,0578621480,MULTI DENOMINATIONAL,Vocational,No subjects taught through Irish,Mixed,Day,N,N,N,Y,478.0,474.0,952
2024.0,71520D,St Fergal's College,Rathdowney,Co Laois,,,R32ED72,52.854399,-7.577095,Rathdowney,Laois,Laois County Council,GERRY QUINN,admin@stfc.ie,050546357,MULTI DENOMINATIONAL,Vocational,No subjects taught through Irish,Mixed,Day,N,N,N,N,163.0,205.0,368
2024.0,71540J,Carrigallen Vocational School,Carrigallen,Co. Leitrim,,,H12TD72,53.979744,-7.647818,Carrigallen,Leitrim,Leitrim County Council,DECLAN CONBOY,jimmyguckian@msletb.ie,0494339640,MULTI DENOMINATIONAL,Vocational,No subjects taught through Irish,Mixed,Day,N,N,N,N,150.0,161.0,311
2024.0,71560P,Lough Allen College,Drumkeerin,County Leitrim,,,N41XT98,54.16929,-8.137099,Drumkeerin,Leitrim,Leitrim County Council,FIONA KUEHL,enquiries@loughallencollege.ie,0719648017,MULTI DENOMINATIONAL,Vocational,No subjects taught through Irish,Mixed,Day,N,N,N,N,78.0,89.0,167
2024.0,71570S,Drumshanbo Vocational School,Drumshanbo Vocational School,Drumshanbo,,,N41D623,54.048534,-8.046404,Drumshanbo,Leitrim,Leitrim County Council,MR. MARTIN FALLON,info@dvs.ie,0719641085,MULTI DENOMINATIONAL,Vocational,No subjects taught through Irish,Mixed,Day,N,N,N,N,236.0,231.0,467
2024.0,71600B,Coláiste Abbáin,Adamstown,Enniscorthy,Co Wexford,,Y21K039,52.39272,-6.718883,Adamstown,Wexford,Wexford County Council,JOHN NOLAN (AS PER OR 17-18),info@colaisteabbain.ie,0539240564,MULTI DENOMINATIONAL,Vocational,No subjects taught through Irish,Mixed,Day,N,N,N,Y,209.0,252.0,461
2024.0,71610E,Bridgetown College,Bridgetown,Co Wexford,,,Y35R628,52.22854,-6.549777,Bridgetown,Wexford,Wexford County Council,ADRIAN POWER,bridgetowncollege@wwetb.ie,0539135257,MULTI DENOMINATIONAL,Vocational,No subjects taught through Irish,Mixed,Day,N,N,N,Y,275.0,362.0,637
2024.0,71620H,Bunclody Community College,Irish Street,Bunclody,Enniscorthy,Co Wexford,Y21FW99,52.6531,-6.651605,Bunclody,Wexford,Wexford County Council,MR JAMES MURPHY,bunclodycommunitycollege@wwetb.ie,0539377590,MULTI DENOMINATIONAL,Vocational,No subjects taught through Irish,Mixed,Day,N,N,N,Y,142.0,172.0,314
2024.0,71630K,Enniscorthy Community College,Milehouse Rd,Enniscorthy,Co Wexford,,Y21YX56,52.509809,-6.585328,Enniscorthy,Wexford,Wexford County Council,DR. IAIN WICKHAM,iainwickham@wwetb.ie,0539234185,MULTI DENOMINATIONAL,Vocational,No subjects taught through Irish,Mixed,Day,N,N,N,Y,240.0,232.0,472
2024.0,71650Q,Coláiste an Átha,Kilmuckridge,Gorey,Co Wexford,,Y25C952,52.511678,-6.286493,Kilmuckridge,Wexford,Wexford County Council,MS ELIZABETH MARTIN,colaisteanatha@wwetb.ie,0539130169,MULTI DENOMINATIONAL,Vocational,No subjects taught through Irish,Mixed,Day,N,N,N,Y,162.0,204.0,366
2024.0,71660T,Kennedy College,New Ross,Co Wexford,,,Y34YW08,52.391005,-6.932853,New Ross,Wexford,Wexford County Council,SARAH ROCHE,kennedycollege@wwetb.ie,051421278,MULTI DENOMINATIONAL,Vocational,No subjects taught through Irish,Mixed,Day,N,N,N,Y,63.0,133.0,196
2024.0,71680C,Selskar College (Coláiste Sheilscire),Westgate,Wexford,Co Wexford,,Y35RY27,52.341334,-6.467309,Wexford,Wexford,Wexford County Council,MICHAEL WEAFER,selskarcollege@wwetb.ie,0539122753,MULTI DENOMINATIONAL,Vocational,No subjects taught through Irish,Mixed,Day,N,N,N,Y,139.0,251.0,390
2024.0,71690F,Ballymahon Vocational School,Ballymahon,Co Longford,,,N39HK23,53.568407,-7.771838,Ballymahon,Longford,Longford County Council,MICHAEL O'ROURKE,coates.bvs@lwetb.ie,0906432211,MULTI DENOMINATIONAL,Vocational,No subjects taught through Irish,Mixed,Day,N,N,N,Y,161.0,259.0,420
2024.0,71700F,Colaiste Mhuire,Askeaton,Co Limerick,,,V94P603,52.599762,-8.969576,Askeaton/Foynes/Shanagolden/Pallaskenry,Limerick,Limerick County Council,MR. MORGAN HEAPHY,colaistemhuireaskeaton@lcetb.ie,061392368,INTER DENOMINATIONAL,Vocational,No subjects taught through Irish,Mixed,Day,N,N,N,N,146.0,148.0,294
2024.0,71710I,Ardscoil Phadraig,Granard,Co Longford,,,N39RR79,53.776775,-7.504764,Granard,Longford,Longford County Council,ROSEMARY JOHNSTON,admin.apg@lwetb.ie,0436686209,MULTI DENOMINATIONAL,Vocational,No subjects taught through Irish,Mixed,Day,N,N,N,Y,177.0,193.0,370
2024.0,71720L,Lanesboro Community College,Lanesboro,Co Longford,,,N39NN52,53.669211,-7.983288,Lanesboro,Longford,Longford County Council,MS HAZEL HANNON,Admin.lcc@lwetb.ie,0906500140,INTER DENOMINATIONAL,Vocational,No subjects taught through Irish,Mixed,Day,N,N,N,Y,132.0,149.0,281
2024.0,71730O,Templemichael College,Templemichael,Longford,,,N39DA02,53.731749,-7.786257,Longford_Newtownforbes,Longford,Longford County Council,MS SORCHA NIC DHONNACHA,admin.tcl@lwetb.ie,0433345455,MULTI DENOMINATIONAL,Vocational,No subjects taught through Irish,Mixed,Day,N,N,N,Y,165.0,198.0,363
2024.0,71750U,Bush Post Primary School,Riverstown,Dundalk,Co Louth,,A91W320,53.99865,-6.188983,Bush,Louth,Louth County Council,MR. KEVIN JOYCE,bushpp@lmetb.ie,0429376246,MULTI DENOMINATIONAL,Vocational,No subjects taught through Irish,Mixed,Day,N,N,N,Y,431.0,423.0,854
2024.0,71761C,St Oliver's Community College,Rathmullen Road,Drogheda,Co. Louth,,A92D766,53.713743,-6.378764,Drogheda,Louth,Louth County Council,MR. JOHN HALPIN,socc@lmetb.ie,0419838390,MULTI DENOMINATIONAL,Vocational,No subjects taught through Irish,Mixed,Day,N,N,N,Y,769.0,748.0,1517
2024.0,71770D,Ó Fiaich College,Dublin Road,Dundalk,Co. Louth,,A91WK75,53.986296,-6.392364,Dundalk,Louth,Louth County Council,MR PADRAIG MCGOVERN,info@ofi.ie,0429331398,MULTI DENOMINATIONAL,Vocational,No subjects taught through Irish,Mixed,Day,N,N,N,Y,136.0,176.0,312
2024.0,71780G,Scoil Ui Mhuiri,Barn Road,Dunleer,Co. Louth,,A92FY96,53.826474,-6.382968,Dunleer,Louth,Louth County Council,UNA KIRK,ScoilUiMhuiri@lmetb.ie,0416851344,MULTI DENOMINATIONAL,Vocational,No subjects taught through Irish,Mixed,Day,N,N,N,Y,302.0,354.0,656
2024.0,71790J,Desmond College,Station Road,Newcastle West,Co. Limerick,,V42DK84,52.455722,-9.052103,Newcastlewest,Limerick,Limerick County Council,MRS VOURNEEN GAVIN-BARRY,vourneen.gavinbarry@lcetb.ie,06962205,MULTI DENOMINATIONAL,Vocational,Some pupils taught all subjects through Irish,Mixed,Day,N,N,N,Y,243.0,272.0,515
2024.0,71840V,Colaiste Chiarain,Skagh,Croom,Co. Limerick,,V35XN29,52.529206,-8.712719,Croom,Limerick,Limerick County Council,"ACTING PRINCIPAL, GERARD O'SULLIVAN",admin@cco.ie,061397700,MULTI DENOMINATIONAL,Vocational,No subjects taught through Irish,Mixed,Day,N,N,N,Y,399.0,384.0,783
2024.0,71850B,Hazelwood College,Dromcollogher,Co. Limerick,,,P56HF60,52.34333,-8.903389,Dromcollogher,Limerick,Limerick County Council,BRENDAN BURKE,hazelc@hazelc.ie,06383121,MULTI DENOMINATIONAL,Vocational,No subjects taught through Irish,Mixed,Day,N,N,N,N,285.0,278.0,563
2024.0,71950F,St Peter's College,Dunboyne,Co. Meath,,,A86W864,53.418443,-6.468897,Dunboyne,Meath,Meath County Council,DEIRDER MAYE,stpeterscollege@lmetb.ie,018252552,INTER DENOMINATIONAL,Vocational,No subjects taught through Irish,Mixed,Day,N,N,N,N,596.0,631.0,1227
2024.0,71960I,Community College Dunshaughlin,Dunshaughlin,Co Meath,,,A85TY22,53.513972,-6.549011,Dunshaughlin,Meath,Meath County Council,BRIDGET BENNETT,dunshauglincc@lmetb.ie,018259137,INTER DENOMINATIONAL,Vocational,No subjects taught through Irish,Mixed,Day,N,N,N,N,541.0,594.0,1135
2024.0,71970L,Coláiste Clavin,Enfield Road,Longwood,Co Meath,,A83DX96,53.452482,-6.917437,Longwood,Meath,Meath County Council,EIMEAR FLANAGAN,Colaisteclavin@lmetb.ie,0469555018,MULTI DENOMINATIONAL,Vocational,No subjects taught through Irish,Mixed,Day,N,N,N,Y,233.0,284.0,517
2024.0,71980O,O'Carolan College,Nobber,Co Meath,,,A82PK51,53.817312,-6.741904,Nobber,Meath,Meath County Council,MR. BRIAN GOGGINS,ocarolancollege@lmetb.ie,0469052177,MULTI DENOMINATIONAL,Vocational,No subjects taught through Irish,Mixed,Day,N,N,N,Y,312.0,366.0,678
2024.0,71990R,St Oliver Post Primary,Oldcastle,Co. Meath,,,A82RK76,53.772434,-7.163262,Oldcastle,Meath,Meath County Council,BRENDAN CORCORAN,stoliverpostprimary@lmetb.ie,0498541180,MULTI DENOMINATIONAL,Vocational,No subjects taught through Irish,Mixed,Day,N,N,N,N,293.0,348.0,641
2024.0,71991T,Coláiste Pobail Rath Cairn,Ráth Chairn,"Áth Buí,",Co. na Mí,,C15FK26,53.620068,-6.860762,Athboy,Meath,Meath County Council,RÓISÍN NI DHÚSHLÁINE,cprc@lmetb.ie,0469432722,MULTI DENOMINATIONAL,Vocational,All pupils taught all subjects through Irish,Mixed,Day,N,N,Y,N,72.0,66.0,138
2024.0,72010I,Beaufort College,Trim Rd,Navan,Co Meath,,C15PY53,53.643886,-6.683447,Navan,Meath,Meath County Council,KEN FLYNN,beaufortcollege@lmetb.ie,0469028915,MULTI DENOMINATIONAL,Vocational,No subjects taught through Irish,Mixed,Day,N,N,N,Y,290.0,627.0,917
2024.0,72020L,Moyne College,Ballina,County Mayo,,,F26W884,54.113003,-9.147821,Ballina,Mayo,Mayo County Council,SIOBHAN TOWEY,info@moynecollege.ie,09621472,MULTI DENOMINATIONAL,Vocational,No subjects taught through Irish,Mixed,Day,N,N,N,Y,78.0,129.0,207
2024.0,72050U,St. Brendan's College,Belmullet,Co. Mayo,,,F26C782,54.214873,-9.979003,Belmullet,Mayo,Mayo County Council,MICHAEL WALSHE (ACTING),stbrendanscollege@msletb.ie,09781437,MULTI DENOMINATIONAL,Vocational,No subjects taught through Irish,Mixed,Day,N,N,Y,Y,177.0,152.0,329
2024.0,72100J,St. Tiernan's College,Mullinmore Street,Crossmolina,Ballina,Co. Mayo,F26WK25,54.096842,-9.315388,Crossmolina,Mayo,Mayo County Council,MS BRENDA O'MALLEY,TiernansCollege@msletb.ie,09631236,MULTI DENOMINATIONAL,Vocational,No subjects taught through Irish,Mixed,Day,N,N,N,Y,66.0,171.0,237
2024.0,72130S,St. Patrick's College,Lacken Cross,Killala,Co Mayo,,F26NW52,54.229406,-9.287924,Lacken_Ballycastle,Mayo,Mayo County Council,MR.BRIAN JENNINGS,StPatricksCollege@msletb.ie,09634177,MULTI DENOMINATIONAL,Vocational,No subjects taught through Irish,Mixed,Day,N,N,N,Y,82.0,121.0,203
2024.0,72140V,Colaiste Chomain,Rossport,Ballina,Co Mayo,,F26YR99,54.286091,-9.802662,Ros Dumhach,Mayo,Mayo County Council,MARC O HEIREANCHÁIN,eolas@gcr.ie,09788940,MULTI DENOMINATIONAL,Vocational,All pupils taught all subjects through Irish,Mixed,Day,N,N,Y,Y,16.0,14.0,30
2024.0,72170H,Ballybay Community College,Ballybay,Co Monaghan,,,A75V882,54.123916,-6.901571,Ballybay,Monaghan,Monaghan County Council,ROSEMARY CROARKIN,info@ballybaycc.ie,0429741093,MULTI DENOMINATIONAL,Vocational,No subjects taught through Irish,Mixed,Day,N,N,N,N,168.0,177.0,345
2024.0,72171J,Largy College,Analore Rd,Clones,Co Monaghan,,H23FP82,54.17959,-7.225329,Clones,Monaghan,Monaghan County Council,MS S.MAGENNIS,info@largy.ie,04751132,INTER DENOMINATIONAL,Vocational,No subjects taught through Irish,Mixed,Day,N,N,N,Y,246.0,254.0,500
2024.0,72180K,Inver College,Carrickmacross,Co Monaghan,,,A81V342,53.983568,-6.716104,Carrickmacross,Monaghan,Monaghan County Council,SINEAD MCCOLGAN,info@invercollege.ie,0862337333,MULTI DENOMINATIONAL,Vocational,No subjects taught through Irish,Mixed,Day,N,N,N,Y,359.0,341.0,700
2024.0,72190N,Castleblayney College,Dublin Road,Castleblayney,Co Monaghan,,A75NP76,54.114549,-6.732519,Castleblaney,Monaghan,Monaghan County Council,MRS MARY MCARDLE,info@cblayneycollege.com,0429740066,MULTI DENOMINATIONAL,Vocational,No subjects taught through Irish,Mixed,Day,N,N,N,Y,181.0,231.0,412
2024.0,72210Q,Beech Hill College,Tirkeenan,Monaghan,Co Monaghan,,H18P997,54.244522,-6.963323,Monaghan,Monaghan,Monaghan County Council,MR PATRICK MCARDLE,info@bhc.ie,04781200,MULTI DENOMINATIONAL,Vocational,No subjects taught through Irish,Mixed,Day,N,N,N,Y,452.0,439.0,891
2024.0,72220T,Dungarvan College-Coláiste Dhún Garbhán,Youghal Road,Dungarvan,Waterford,,X35PV34,52.087248,-7.62788,Dungarvan,Waterford,Waterford County Council,DANNY CUNNINGHAM,dungarvancollege@wwetb.ie,05841184,MULTI DENOMINATIONAL,Vocational,No subjects taught through Irish,Mixed,Day,N,N,N,Y,110.0,144.0,254
2024.0,72230W,St Declan's Community College,Kilmacthomas,Co Waterford,,,X42W702,52.204756,-7.421445,Kilmacthomas,Waterford,Waterford County Council,GRAINNE WALSH,stdeclanscc@Wwetb.ie,051294100,MULTI DENOMINATIONAL,Vocational,No subjects taught through Irish,Mixed,Day,N,N,N,N,394.0,423.0,817
2024.0,72241E,St Paul's Community College,Browne's Road,Waterford City,,,X91TX24,52.251807,-7.137676,Waterford,Waterford,Waterford City Council,FIONA MCDONNELL,fionamcdonnell@wwetb.ie,051355816,INTER DENOMINATIONAL,Vocational,No subjects taught through Irish,Mixed,Day,N,N,N,Y,293.0,467.0,760
2024.0,72280O,Elphin Community College,Elphin,Castlerea,Co Roscommon,,F45NF83,53.844934,-8.202857,Elphin,Roscommon,Roscommon County Council,SIOBHÀN CULLEN,anne.gilleran@gretb.ie,0719635031,MULTI DENOMINATIONAL,Vocational,No subjects taught through Irish,Mixed,Day,N,N,N,N,95.0,98.0,193
2024.0,72290R,Roscommon Community College,Lisnamult,Roscommon,Co. Roscommon,,F42P959,53.625255,-8.199884,Roscommon,Roscommon,Roscommon County Council,MS GEORGINA KEENA,info.roscommon@gretb.ie,0906626670,MULTI DENOMINATIONAL,Vocational,No subjects taught through Irish,Mixed,Day,N,N,N,Y,253.0,326.0,579
2024.0,72300R,Corran College,Ballymote,Co Sligo,,,F56DP86,54.091203,-8.515283,Ballymote,Sligo,Sligo County Council,MS JOSEPHINE SWEENEY,corrancollege@msletb.ie,0719183285,MULTI DENOMINATIONAL,Vocational,No subjects taught through Irish,Mixed,Day,N,N,N,Y,61.0,73.0,134
2024.0,72310U,Coola Post Primary School,Riverstown,Via Boyle,Co Sligo,,F52XE71,54.154045,-8.374023,Coola Cross,Sligo,Sligo County Council,MR DAMIEN MCGOLDRICK,coolapps@msletb.ie,0719165365,MULTI DENOMINATIONAL,Vocational,No subjects taught through Irish,Mixed,Day,N,N,N,N,241.0,308.0,549
2024.0,72320A,Coláiste Iascaigh,Easkey,Co Sligo,,,F26EC56,54.28586,-8.956186,Easkey,Sligo,Sligo County Council,THOMAS COGGINS,colaisteiascaigh@msletb.ie,09649021,MULTI DENOMINATIONAL,Vocational,No subjects taught through Irish,Mixed,Day,N,N,N,Y,100.0,147.0,247
2024.0,72330D,Grange Post Primary School,Grange,Co Sligo,,,F91F722,54.391623,-8.522495,Grange,Sligo,Sligo County Council,EIMEAR HARTE,secretary@grangepps.ie,0719163514,MULTI DENOMINATIONAL,Vocational,No subjects taught through Irish,Mixed,Day,N,N,N,N,125.0,156.0,281
2024.0,72360M,Ballinode College,Clarion Rd,Ballinode,Sligo,,F91DY66,54.279088,-8.459241,Sligo,Sligo,Sligo County Council,DAVID MCGUINNESS,ballinodecollege@msletb.ie,0719145480,MULTI DENOMINATIONAL,Vocational,No subjects taught through Irish,Mixed,Day,N,N,N,Y,77.0,169.0,246
2024.0,72370P,Borrisokane Community College,Borrisokane,Co Tipperary,,,E45WC59,53.00161,-8.118162,Borrisokane,Tipperary,Tipperary (NR) County Council,PAULA MOLLOY,info@borrisokanecc.ie,06727268,MULTI DENOMINATIONAL,Vocational,No subjects taught through Irish,Mixed,Day,N,N,N,N,359.0,331.0,690
2024.0,72400V,Comeragh College,Tinvane,Carrick-On-Suir,,,E32X402,52.352455,-7.387949,Carrick-on-Suir,Tipperary,Tipperary (SR) County Council,MR KEVIN LANGTON,office@comeraghcollege.ie,051640131,MULTI DENOMINATIONAL,Vocational,No subjects taught through Irish,Mixed,Day,N,N,N,Y,210.0,355.0,565
2024.0,72420E,"Central Technical Institute, Clonmel",The Mall,Clonmel,,,E91K2E2,52.353753,-7.695855,Clonmel,Tipperary,Tipperary (SR) County Council,JOHN MCCARTHY,info@cti-clonmel.ie,0526121450,MULTI DENOMINATIONAL,Vocational,Some pupils taught all subjects through Irish,Mixed,Day,N,N,N,Y,127.0,189.0,316
2024.0,72430H,Scoil Ruain,Killenaule,Thurles,Co Tipperary,,E41XY95,52.571982,-7.677031,Killenaule,Tipperary,Tipperary (SR) County Council,JAMES WILLIAMS,jwilliams@tipperaryetb.ie,0529156332,MULTI DENOMINATIONAL,Vocational,No subjects taught through Irish,Mixed,Day,N,N,N,Y,182.0,189.0,371
2024.0,72440K,Nenagh College,Dromin Road,Nenagh,Co Tipperary,,E45VF51,52.870121,-8.201893,Nenagh,Tipperary,Tipperary (NR) County Council,DAMIEN KENNEDY,bfitzgerald@tipperaryetb.ie,06731525,MULTI DENOMINATIONAL,Vocational,Some pupils taught some subjects through Irish,Mixed,Day,N,N,N,N,211.0,157.0,368
2024.0,72450N,Newport College,Black Road,Newport,Co. Tipperary,,V94A3W4,52.71487,-8.406545,Newport,Tipperary,Tipperary (NR) County Council,DONAL MADDEN,info@newportcollege.ie,061378262,MULTI DENOMINATIONAL,Vocational,No subjects taught through Irish,Mixed,Day,N,N,N,Y,144.0,220.0,364
2024.0,72480W,St. Ailbe's School,Rosanna Road,Tipperary Town,,,E34H596,52.478284,-8.156142,Tipperary,Tipperary,Tipperary (SR) County Council,RUAIDHRI DEVITT,officeadmin@ailbes.com,06251905,MULTI DENOMINATIONAL,Vocational,No subjects taught through Irish,Mixed,Day,N,N,N,Y,322.0,332.0,654
2024.0,72490C,Coláiste Mhuire Co-Ed,Castlemeadows,Thurles,Co Tipperary,,E41W678,52.68412,-7.826,Thurles,Tipperary,Tipperary (NR) County Council,MR DENIS QUINN,colaistemhuire@tipperaryetb.ie,050421734,MULTI DENOMINATIONAL,Vocational,Some pupils taught all subjects through Irish,Mixed,Day,N,N,N,Y,165.0,403.0,568
2024.0,72520I,Coláiste Naomh Cormac,Kilcormac,Co Offaly,,,R42R726,53.179377,-7.720217,Kilcormac,Offaly,Offaly County Council,MS. VICTORIA GUINAN (ACTING),mail@cnckilcormac.ie,0579135048,MULTI DENOMINATIONAL,Vocational,No subjects taught through Irish,Mixed,Day,N,N,N,N,145.0,161.0,306
2024.0,72530L,Ardscoil Chiaráin Naofa,Frederick St.,Clara,Co. Offaly,,R35H974,53.34063,-7.612434,Clara,Offaly,Offaly County Council,MR ROGER GEAGAN,secretary@ascnclara.ie,0579331231,MULTI DENOMINATIONAL,Vocational,No subjects taught through Irish,Mixed,Day,N,N,N,Y,162.0,169.0,331
2024.0,72540O,Oaklands Community College,Sr. Senan Avenue,Edenderry,Co. Offaly,,R45R727,53.337128,-7.062685,Edenderry,Offaly,Offaly County Council,BRIAN KEHOE,principal@oaklandscc.ie,0469731573,MULTI DENOMINATIONAL,Vocational,No subjects taught through Irish,Mixed,Day,N,N,N,Y,387.0,417.0,804
2024.0,72560U,Tullamore College,Riverside,Tullamore,Co. Offaly,,R35XC66,53.275882,-7.486133,Tullamore_Killina,Offaly,Offaly County Council,EDWARD MCEVOY,admin@tullamorecollege.ie,0579321677,MULTI DENOMINATIONAL,Vocational,No subjects taught through Irish,Mixed,Day,N,N,N,Y,419.0,307.0,726
2024.0,76060U,Davitt College,Springfield,Castlebar,Co. Mayo,,F23VY15,53.857098,-9.290321,Castlebar,Mayo,Mayo County Council,MR CONOR O'REILLY,davittcollege@msletb.ie,0949023060,MULTI DENOMINATIONAL,Vocational,No subjects taught through Irish,Mixed,Day,N,N,N,Y,499.0,381.0,880
2024.0,76061W,Colaiste na Trocaire (Mercy Community College),Rathkeale,Co. Limerick,,,V94Y685,52.519972,-8.93447,Rathkeale,Limerick,Limerick County Council,MICHAEL BEHAN,mercycc@lcetb.ie,06964094,INTER DENOMINATIONAL,Vocational,No subjects taught through Irish,Mixed,Day,N,N,N,N,265.0,268.0,533
2024.0,76062B,Castleknock Community College,Carpenterstown Road,Castleknock,Dublin 15,,D15A996,53.371994,-6.391063,Carpenterstown_D15,Dublin,Fingal County Council,JOHN CRONIN,admin@castleknockcc.ie,018221626,MULTI DENOMINATIONAL,Vocational,No subjects taught through Irish,Mixed,Day,N,N,N,N,621.0,669.0,1290
2024.0,76063D,Colaiste Dun Iascaigh,Cashel Road,Cahir,Co Tipperary,,E21NV38,52.381362,-7.917704,Cahir,Tipperary,Tipperary (SR) County Council,PETER CREEDON,info@colaisteduniascaigh.ie,0527442828,INTER DENOMINATIONAL,Vocational,No subjects taught through Irish,Mixed,Day,N,N,N,N,413.0,491.0,904
2024.0,76064F,Glanmire Community College,Brooklodge,Glanmire,Co.Cork,,T45W965,51.930854,-8.38438,Riverstown_Glanmire,Cork,Cork City Council,RONAN MC CARTHY,glanmirecc@corketb.ie,0214822377,INTER DENOMINATIONAL,Vocational,No subjects taught through Irish,Mixed,Day,N,N,N,N,508.0,632.0,1140
2024.0,76065H,Coláiste Cois Life,Gleann an Ghrífín,Leamhcán,Co Átha Cliath,,K78Y330,53.349681,-6.435651,Lucan,Dublin,South Dublin County Council,BREANDÁN MAC FHLOINN,eolas@colaistecoislife.ie,016211825,MULTI DENOMINATIONAL,Vocational,All pupils taught all subjects through Irish,Mixed,Day,N,N,N,N,335.0,285.0,620
2024.0,76066J,Meánscoil San Nioclás,Rinn O gCuanach,Dún Garbhán,Co. Phort Láirge,,X35RF24,52.048111,-7.575691,Ring,Waterford,Waterford County Council,SEÁN Ó CALLANÁIN,runai@meanscoil.ie,05846464,INTER DENOMINATIONAL,Vocational,All pupils taught all subjects through Irish,Mixed,Day,N,N,Y,Y,71.0,80.0,151
2024.0,76067L,Colaiste Pobail Naomh Mhuire,CREGGANE,STATION ROAD,BUTTEVANT,CO. CORK,P51NW93,52.23699,-8.677005,Buttevant,Cork,Cork County Council,MR DONAL O'SULLIVAN,buttevantadmin@corketb.ie,02223733,INTER DENOMINATIONAL,Vocational,No subjects taught through Irish,Mixed,Day,N,N,N,Y,290.0,290.0,580
2024.0,76068N,Coláiste na Sceilge,Caherciveen,Co. Kerry,,,V23Y003,51.940196,-10.240964,Caherciveen_Waterville,Kerry,Kerry County Council,MAURICE FITZGERALD,info@colaistenasceilge.ie,0669473335,INTER DENOMINATIONAL,Vocational,Some pupils taught all subjects through Irish,Mixed,Day,N,N,N,N,271.0,291.0,562
2024.0,76069P,Colaiste Phobáil Ros Cré,Corville Road,Roscrea,Co Tipperary,,E53V449,52.953945,-7.79,Roscrea,Tipperary,Tipperary (NR) County Council,MR JACK FLYNN,ColaistePhobal@tipperaryetb.ie,050523939,INTER DENOMINATIONAL,Vocational,No subjects taught through Irish,Mixed,Day,N,N,N,Y,305.0,290.0,595
2024.0,76070A,Coláiste Iósaef,Abbeyfarm,Kilmallock,Co. Limerick,,V35E860,52.404054,-8.57774,Kilmallock,Limerick,Limerick County Council,NOEL KELLY,office@cik.ie,06398275,INTER DENOMINATIONAL,Vocational,No subjects taught through Irish,Mixed,Day,N,N,N,Y,258.0,250.0,508
2024.0,76072E,Abbey Community College,Boyle,Co Roscommon,,,F52HK46,53.969034,-8.299163,Boyle,Roscommon,Roscommon County Council,MR DAVID HARDING,david.harding@gretb.ie,0719664646,INTER DENOMINATIONAL,Vocational,No subjects taught through Irish,Mixed,Day,N,N,N,N,297.0,294.0,591
2024.0,76073G,Castletroy College,Newtown,Castletroy,Co Limerick,,V946D85,52.663134,-8.540898,Limerick City,Limerick,Limerick County Council,BRIAN O'DONOGHUE,admin@castletroycollege.ie,061330785,INTER DENOMINATIONAL,Vocational,No subjects taught through Irish,Mixed,Day,N,N,N,N,637.0,692.0,1329
2024.0,76075K,St John Bosco Community College,Kildysart,Ennis,Co. Clare,,V95TXF1,52.673051,-9.104573,Kildysart_Cahercon,Clare,Clare County Council,DENIS O'ROURKE,denis.orourke@lcetb.ie,0656832300,INTER DENOMINATIONAL,Vocational,No subjects taught through Irish,Mixed,Day,N,N,N,N,165.0,136.0,301
2024.0,76076M,Colaiste Chraobh Abhann,Creowen,Kilcoole,Co Wicklow,,A63WF10,53.100629,-6.065358,Kilcoole,Wicklow,Wicklow County Council,MR. OLIVER STACK,reception@colaisteca.ie,012870198,MULTI DENOMINATIONAL,Vocational,No subjects taught through Irish,Mixed,Day,N,N,N,N,376.0,398.0,774
2024.0,76077O,Larkin Community College,Champions Avenue,Dublin 1,,,D01WD93,53.352259,-6.257796,Drumcondra_Marino_Dublin1,Dublin,Dublin City Council,DEIRDRE DOYLE (ACTING),larkinupdates@lcc.cdetb.ie,018742363,INTER DENOMINATIONAL,Vocational,No subjects taught through Irish,Mixed,Day,N,N,N,Y,207.0,207.0,414
2024.0,76078Q,Skerries Community College,Skerries Community College,Balbriggan Street,Skerries,Co Dublin,K34HH29,53.579186,-6.115893,Skerries,Dublin,Fingal County Council,KEVIN MC LOUGHLIN,info@skerriescc.ie,018490011,INTER DENOMINATIONAL,Vocational,No subjects taught through Irish,Mixed,Day,N,N,N,N,484.0,545.0,1029
2024.0,76079S,Coláiste Phobail Cholmcille,Baile Úr,Oileán Thoraí,Doirí Beaga,Co. Dhún Na nGall,F92X023,55.264736,-8.221238,Tory Island,Donegal,Donegal County Council,PATRICK QUEENAN,cpcthorai@donegaletb.ie,0749165448,INTER DENOMINATIONAL,Vocational,All pupils taught all subjects through Irish,Mixed,Day,N,Y,Y,Y,6.0,4.0,10
2024.0,76081F,Coláiste Ailigh,Cnoc na Móna,Leitir Ceanainn,Co Dhún na nGall,,F92N2HE,54.964092,-7.724989,Letterkenny,Donegal,Donegal County Council,SEÁN MAC SUIBHNE,colaisteailigh@donegaletb.ie,0749125943,INTER DENOMINATIONAL,Vocational,All pupils taught all subjects through Irish,Mixed,Day,N,N,N,N,172.0,149.0,321
2024.0,76082H,Abbey Community College,Abbey Rd,Ferrybank,Waterford,,X91PC91,52.264397,-7.098767,Waterford,Kilkenny,Kilkenny County Council,MICHELLE JEFFORD,info@abbeycommunitycollege.com,051832930,INTER DENOMINATIONAL,Vocational,No subjects taught through Irish,Mixed,Day,N,N,N,N,467.0,531.0,998
2024.0,76083J,Magh Ene College,Church Road,Bundoran,Co Donegal,,F94YT78,54.475156,-8.279328,Ballyshannon_Donegal,Donegal,Donegal County Council,PAT TIGHE (ACTING),maghene@donegaletb.ie,0719841244,INTER DENOMINATIONAL,Vocational,No subjects taught through Irish,Mixed,Day,N,N,N,N,183.0,171.0,354
2024.0,76084L,Moville Community College,Carrownaff,Moville,Co Donegal,,F93DN29,55.187047,-7.050878,Carndonagh,Donegal,Donegal County Council,CAROLINE DOHERTY,moville@donegaletb.ie,0749385988,INTER DENOMINATIONAL,Vocational,No subjects taught through Irish,Mixed,Day,N,N,N,Y,291.0,321.0,612
2024.0,76085N,Gaelcholáiste Reachrann,Bóthar Mhainistir na Gráinsí,Domhnach Míde,Baile Atha Cliath 13,,D13NP52,53.400257,-6.156682,Donaghmede_Howth_D13,Dublin,Fingal County Council,EIMER NIC AN RI,oifig@gcreachrann.ie,018770935,INTER DENOMINATIONAL,Vocational,All pupils taught all subjects through Irish,Mixed,Day,N,N,N,N,237.0,257.0,494
2024.0,76086P,MARIA IMMACULATA COMMUNITY COLLEGE,Dunmanway,Co Cork,,,P47AP82,51.714623,-9.115334,Dunmanway,Cork,Cork County Council,MR NIALL MURPHY,miccinfo@corketb.ie,0238856030,INTER DENOMINATIONAL,Vocational,No subjects taught through Irish,Mixed,Day,N,N,N,N,336.0,303.0,639
2024.0,76088T,Ratoath College,Jamestown,Ratoath,Co. Meath,,A85TW84,53.499628,-6.458267,Ratoath,Meath,Meath County Council,SEAMUS MEEHAN (ACTING),ratoathcollege@lmetb.ie,018254102,INTER DENOMINATIONAL,Vocational,No subjects taught through Irish,Mixed,Day,N,N,N,N,566.0,546.0,1112
2024.0,76089V,MOHILL COMMUNITY COLLEGE,MOHILL,CO LEITRIM,,,N41YT72,53.922804,-7.8724,Mohill,Leitrim,Leitrim County Council,MR. CORMAC FLYNN,mohillcommunitycollege@msletb.ie,0719631208,MULTI DENOMINATIONAL,Vocational,No subjects taught through Irish,Mixed,Day,N,N,N,N,245.0,228.0,473
2024.0,76090G,Coláiste Pobail Bheanntraí,SESKIN,BANTRY,CO CORK,,P75TE27,51.673872,-9.446545,Bantry,Cork,Cork County Council,MARIAN CAREY,marian.carey@corketb.ie,02756434,INTER DENOMINATIONAL,Vocational,Some pupils taught some subjects through Irish,Mixed,Day,N,N,N,N,378.0,388.0,766
2024.0,76091I,Coláiste Oiriall,Cnoc an Chonnaidh,Br. Ard Mhacha,Muineachán,Co. Mhuineacháin,H18W897,54.26216,-6.950597,Monaghan,Monaghan,Monaghan County Council,BRENDAN O DUFAIGH,eolas@oiriall.ie,04772344,MULTI DENOMINATIONAL,Vocational,All pupils taught all subjects through Irish,Mixed,Day,N,N,N,N,220.0,182.0,402
2024.0,76092K,PRESENTATION COMMUNITY COLLEGE,TERENURE,DUBLIN 6W,,,D6WCP28,53.310964,-6.286848,Dublin_6w,Dublin,Dublin City Council,MS ÁINE MULDERRIG,info@pcc.cdetb.ie,014902404,CATHOLIC,Vocational,No subjects taught through Irish,Mixed,Day,N,N,N,N,224.0,234.0,458
2024.0,76093M,COLÁISTE ÍDE AGUS IOSAEF,ABBEYFEALE,CO LIMERICK,,,V94F7X4,52.387459,-9.297044,Abbeyfeale,Limerick,Limerick County Council,LIAM MURPHY,colaisteideagusiosef@lcetb.ie,06830631,MULTI DENOMINATIONAL,Vocational,No subjects taught through Irish,Mixed,Day,N,N,N,N,329.0,363.0,692
2024.0,76096S,Coláiste Mhuirlinne/Merlin College,c/o Galway-Roscommon ETB,Doughiska Road,,Galway,H91309Y,53.282535,-8.984878,Galway City,Galway,Galway City Council,JOHN CLEARY,john.cleary@gretb.ie,091769000,MULTI DENOMINATIONAL,Vocational,No subjects taught through Irish,Mixed,Day,N,N,N,Y,334.0,391.0,725
2024.0,76097U,ADAMSTOWN COMMUNITY COLLEGE,Station Rd,Adamstown,Lucan,Co. Dublin,K78WP89,53.336533,-6.46229,Lucan,Dublin,South Dublin County Council,ADRIAN FLYNN,info.adamstowncc@ddletb.ie,016540348,MULTI DENOMINATIONAL,Vocational,No subjects taught through Irish,Mixed,Day,N,N,N,N,462.0,518.0,980
2024.0,76098W,Coláiste Pobail Setanta,Colaiste Pobail Setanta,Phibblestown,Clonee,Dublin 15,D15EY17,53.397775,-6.435089,Blanchardstown_West_D15,Dublin,Fingal County Council,LIAM WALSH,admin@cpsetanta.ie,016402403,MULTI DENOMINATIONAL,Vocational,No subjects taught through Irish,Mixed,Day,N,N,N,N,507.0,562.0,1069
2024.0,76099B,Coláiste Chill Mhantáin,Burkeen,Wicklow Town,Co Wicklow,,A67TV21,52.985206,-6.066093,Wicklow,Wicklow,Wicklow County Council,PADRAIG DONOGHUE,admin.ccm@wicklowvec.ie,040461863,INTER DENOMINATIONAL,Vocational,No subjects taught through Irish,Mixed,Day,N,N,N,Y,317.0,616.0,933
2024.0,76101I,GAELCHOLÁISTE LUIMNIGH,MEAL SIOR ANRAÍ,LUIMNEACH,,,V9423V7,52.665785,-8.610711,Limerick City,Limerick,Limerick City Council,KEVIN O RAGHALLAIGH,info@gcldrive.com,061404959,INTER DENOMINATIONAL,Vocational,All pupils taught all subjects through Irish,Mixed,Day,N,N,N,N,366.0,250.0,616
2024.0,76102K,Coláiste an Eachréidh,Bóthar Thuama,Baile Átha an Rí,Co. na Gaillimhe,,H65WD54,53.301343,-8.747339,Athenry,Galway,Galway County Council,SEÁN O'MAINNIN(ACTING),colaiste.aneachreidh@gretb.ie,091874590,MULTI DENOMINATIONAL,Vocational,All pupils taught all subjects through Irish,Mixed,Day,N,N,N,N,127.0,111.0,238
2024.0,76103M,Colaiste na hInse,Bettystown,Co Meath,,,A92NY30,53.692703,-6.245342,Laytown,Meath,Meath County Council,EILIS FLOOD,colaistenahinse@lmetb.ie,0419813335,MULTI DENOMINATIONAL,Vocational,No subjects taught through Irish,Mixed,Day,N,N,N,N,483.0,547.0,1030
2024.0,76104O,Donabate Community College,"Portrane Road,",Donabate,Co Dublin,,K36NN88,53.490088,-6.144229,Donabate,Dublin,Fingal County Council,JOHN DOYLE,info@donabatecc.ie,018436726,MULTI DENOMINATIONAL,Vocational,No subjects taught through Irish,Mixed,Day,N,N,N,N,358.0,455.0,813
2024.0,76105Q,Banagher College,Banagher,Co. Offaly,,,R42WR22,53.186848,-7.986564,Banagher,Offaly,Offaly County Council,MS. LILY KINAHAN,admin@bccns.ie,0579151323,MULTI DENOMINATIONAL,Vocational,No subjects taught through Irish,Mixed,Day,N,N,N,N,286.0,277.0,563
2024.0,76106S,Gaelcholáiste na Mara,Pairc Na bPiarsach,Bothar an Ghleanntain,Arklow,Co.Wicklow,Y14DX27,52.801166,-6.166386,Arklow,Wicklow,Wicklow County Council,TONY Ó MURCHÚ,gaelcholaistenamara@gmail.com,040291764,MULTI DENOMINATIONAL,Vocational,All pupils taught all subjects through Irish,Mixed,Day,N,N,N,N,129.0,173.0,302
2024.0,76107U,Coláiste Eoghain,Muileann Thulaigh Gharbháin,Bun Cranncha,Co. Dhún na nGall,,F93XT38,55.144044,-7.452633,Buncrana,Donegal,Donegal County Council,CLAIRE NÍ DHOCHARTAIGH,colaisteeoghain@donegaletb.ie,0749322350,MULTI DENOMINATIONAL,Vocational,All pupils taught all subjects through Irish,Mixed,Day,N,N,N,N,12.0,5.0,17
2024.0,76127D,Creagh College,Carnew Road,Gorey,Co. Wexford,,Y25V6Y9,52.675621,-6.314232,Gorey,Wexford,Wexford County Council,PAUL GLYNN,creaghcollege@wwetb.ie,0539484035,MULTI DENOMINATIONAL,Vocational,No subjects taught through Irish,Mixed,Day,N,N,N,N,487.0,580.0,1067
2024.0,76129H,Ardgillan Community College,Castlelands,Balbriggan,,Co Dublin,K32KK33,53.60066,-6.180521,Balbriggan,Dublin,Fingal County Council,NUALA NI MHURCHU,info@ardgillancc.ie,019680734,MULTI DENOMINATIONAL,Vocational,No subjects taught through Irish,Mixed,Day,N,N,N,N,360.0,641.0,1001
2024.0,76130P,Luttrellstown Community College,Luttrellstown Community College,Porterstown Road,Clonsilla,Dublin 15,D15DY29,53.375205,-6.409025,Carpenterstown_D15,Dublin,Fingal County Council,SIOBHÁN MORAN,info.luttrellstowncc@ddletb.ie,018228060,MULTI DENOMINATIONAL,Vocational,No subjects taught through Irish,Mixed,Day,N,N,N,N,445.0,553.0,998
2024.0,76150V,Coláiste Pobail Acla,Achill Sound,Westport,Co. Mayo,,F28CP49,53.9324,-9.914239,Achill,Mayo,Mayo County Council,JASON Ó MONGÁIN,info@cpacla.ie,09845139,MULTI DENOMINATIONAL,Vocational,No subjects taught through Irish,Mixed,Day,N,N,Y,Y,133.0,121.0,254
2024.0,76152C,Kishoge Community College,Thomas Omer Way,Lucan,,,K78DC89,53.33626,-6.425736,Lucan,Dublin,South Dublin County Council,NIALL HARE,reception@kishogecc.ie,016877482,MULTI DENOMINATIONAL,Vocational,No subjects taught through Irish,Mixed,Day,N,N,N,N,425.0,500.0,925
2024.0,76173K,Coláiste na Mí,Johnstown Educational Campus,Johnstown,Navan,Co Meath,C15T028,53.643121,-6.650941,Navan,Meath,Meath County Council,MS LOUISE KEARNS,colaistenami@lmetb.ie,0469012130,MULTI DENOMINATIONAL,Vocational,No subjects taught through Irish,Mixed,Day,N,N,N,N,329.0,544.0,873
2024.0,76193Q,Maynooth Community College,Mariavilla,Moyglare Road,Maynooth,Co. Kildare,W23P2R0,53.394861,-6.596769,Maynooth,Kildare,Kildare County Council,SIOBHAIN MCCAULEY,principal@mcc.edu.ie,016016041,MULTI DENOMINATIONAL,Vocational,No subjects taught through Irish,Mixed,Day,N,N,N,N,523.0,439.0,962
2024.0,76194S,Naas Community College,Osberstown,Millennium Park,Naas,Co Kildare,W91P93F,53.231887,-6.676426,Naas,Kildare,Kildare County Council,CIARÁN KEEGAN,info@naascc.ie,045850580,MULTI DENOMINATIONAL,Vocational,No subjects taught through Irish,Mixed,Day,N,N,N,N,422.0,485.0,907
2024.0,76195U,Coláiste Chú Chulainn,Lower Marshes,Dundalk,CO. LOUTH,,A91F75P,54.00068,-6.395442,Dundalk,Louth,Louth County Council,TOMAS SHARKEY,colaistecc@lmetb.ie,0429354553,MULTI DENOMINATIONAL,Vocational,Some pupils taught all subjects through Irish,Mixed,Day,N,N,N,Y,356.0,541.0,897
2024.0,76196W,DE LACY COLLEGE,Ashbourne Education Campus,Killegland,Ashbourne,Co. Meath,A84TW90,53.511564,-6.41523,Ratoath,Meath,Meath County Council,JANICE CORRIGAN,colaistedelacy@lmetb.ie,015241075,MULTI DENOMINATIONAL,Vocational,No subjects taught through Irish,Mixed,Day,N,N,N,N,456.0,457.0,913
2024.0,76213T,Lusk Community College,Raheny Lane,Rathmore Road,Lusk,Co. Dublin,K45WN50,53.530307,-6.157305,Rush&Lusk,Dublin,Fingal County Council,PAT COLE,patrickcole@luskcc.ie,015130000,MULTI DENOMINATIONAL,Vocational,No subjects taught through Irish,Mixed,Day,N,N,N,N,529.0,552.0,1081
2024.0,76233C,Coláiste Bhaile Chláir,Lakeview,Baile Chláir,,,H91XY8V,53.335133,-8.936564,Galway City,Galway,Galway County Council,MR ALAN MONGEY,info.claregalway@gretb.ie,091799001,MULTI DENOMINATIONAL,Vocational,No subjects taught through Irish,Mixed,Day,N,N,Y,N,598.0,717.0,1315
2024.0,76273O,Gaelcholáiste Charraig Ui Leighin,Gaelcholáiste Charraig Uí Leighin,Árd na Cloiche,Carraig Uí Leighin,,P43XV78,51.826142,-8.401942,Carrigaline,Cork,Cork County Council,DONNCHADH Ó CRÓINÍN,eolascul@corketb.ie,021 4372901,MULTI DENOMINATIONAL,Vocational,All pupils taught all subjects through Irish,Mixed,Day,N,N,N,N,151.0,132.0,283
2024.0,76293U,Kingswood Community College,Ballymount Road,Kingswood Heights,Tallaght,Dublin 24,D24HYN2,53.306614,-6.372146,Tallaght,Dublin,South Dublin County Council,DEBORAH DUNNE,info@kingswoodcc.ie,01 4517400,MULTI DENOMINATIONAL,Vocational,No subjects taught through Irish,Mixed,Day,N,N,N,N,449.0,533.0,982
2024.0,76313A,Coláiste Dún an Rí,Ernan's Hill,Kingscourt,Co. Cavan,,A82K5W7,53.909342,-6.804416,Bailieborough,Cavan,Cavan County Council,MR. FERGAL BOYLE,info@colaistedunanri.ie,0429698294,MULTI DENOMINATIONAL,Vocational,No subjects taught through Irish,Mixed,Day,N,N,N,N,335.0,354.0,689
2024.0,76333G,Carrigtwohill Post Primary,Station Road,Carrigtwohill,Co. Cork,,T45YY22,51.913059,-8.262623,Midleton_Carrigtwohill,Cork,Cork County Council,MARTIN COLEMAN(ACTING),Carrigtwohillcc@corketb.ie,0214853488,CATHOLIC,Vocational,No subjects taught through Irish,Mixed,Day,N,N,N,N,328.0,513.0,841
2024.0,76334I,St Joseph's Community College,St. Joseph's Community College,Charlestown,,,F12WE19,53.960292,-8.801406,Charlestown,Mayo,Mayo County Council,MR JOHN BONES (ACTING),info@sjcc.ie,094-9254211,CATHOLIC,Vocational,No subjects taught through Irish,Mixed,Day,N,N,N,Y,96.0,105.0,201
2024.0,76394D,Clonturk College,Swords Road,Whitehall,Dublin 9,,D09W5K6,53.379449,-6.24827,Whitehall_SantryD9,Dublin,Dublin City Council,ANTHONY CREEVEY,info@clonturkcc.cdetb.ie,015596960,MULTI DENOMINATIONAL,Vocational,No subjects taught through Irish,Mixed,Day,N,N,N,N,447.0,492.0,939
2024.0,76414G,Thomond Community College,Moylish Park,Moylish,Limerick,,V94V342,52.678362,-8.649056,Limerick City,Limerick,Limerick City Council,VIVIENNE HOGAN,info@thomondcc.ie,061452422,MULTI DENOMINATIONAL,Vocational,No subjects taught through Irish,Mixed,Day,N,N,N,Y,320.0,286.0,606
2024.0,76454S,Griffeen Community College,c/o Kishogue Community College,Thomas Omar Way,Lucan,Co. Dublin,K78DC89,53.33626,-6.425736,Lucan,Dublin,South Dublin County Council,MR NOEL KELLY,noelkelly@griffeencc.ie,016212392,MULTI DENOMINATIONAL,Vocational,No subjects taught through Irish,Mixed,Day,N,N,N,N,240.0,297.0,537
2024.0,76474B,Dunamase College (Coláiste Dhún Másc),Railway Street,Portlaoise,Co. Laois,,R32WE02,53.035004,-7.299025,Portlaoise,Laois,Laois County Council,DYMPNA KELLY,info@dunamasecollege.ie,0578664696,MULTI DENOMINATIONAL,Vocational,Some pupils taught all subjects through Irish,Mixed,Day,N,N,N,N,300.0,277.0,577
2024.0,76475D,Swords Community College,Broadmeadows,RATHBEALE ROAD,SWORDS,Co. Dublin,K67A3E8,53.466374,-6.249013,Swords,Dublin,Fingal County Council,AOIFE SMITH,info@swordscc.ie,01 22 33 067,MULTI DENOMINATIONAL,Vocational,No subjects taught through Irish,Mixed,Day,N,N,N,N,398.0,532.0,930
2024.0,76476F,Mungret Community College,Cahranardrish,Mungret,Limerick,,V9462R7,52.629655,-8.685704,Limerick City,Limerick,Limerick City Council,LIAM O'MAHONY,liam.omahoney@lcetb.ie,087 6742940,MULTI DENOMINATIONAL,Vocational,No subjects taught through Irish,Mixed,Day,N,N,N,N,467.0,473.0,940
2024.0,76534Q,Coláiste Naomh Eoin,Inis Meáin,Oileáin Árann,,,,53.087299,-9.589039,Kilronan_Aran Islands,Galway,Galway County Council,M NÍ FHÁTHARTA,eolas.eoin@gretb.ie,09973991,MULTI DENOMINATIONAL,Vocational,All pupils taught all subjects through Irish,Mixed,Day,N,Y,Y,N,21.0,19.0,40
2024.0,76554W,Gaelcholáiste Mhaigh Nuad,Manor Mills,Maigh Nuad,,,W23V9P2,53.3818,-6.593653,Maynooth,Kildare,Kildare County Council,MÍCHEÁL Ó CEOINÍN,michealoceoinin@kwetb.ie,015054386,MULTI DENOMINATIONAL,Vocational,All pupils taught all subjects through Irish,Mixed,Day,N,N,N,N,75.0,54.0,129
2024.0,76574F,Eriu Community College,Barnwell Road,Hansfield,Dublin 15,,D15X4XT,53.389532,-6.445715,Blanchardstown_West_D15,Dublin,Fingal County Council,MICHAEL FLYNN,admin@eriucc.ie,019633353,MULTI DENOMINATIONAL,Vocational,No subjects taught through Irish,Mixed,Day,N,N,N,N,88.0,106.0,194
2024.0,76594L,Coláiste pobail Fóla,Heritage Village,Garter's Lane,Saggart,Co. Dublin,D24HFK2,53.284093,-6.437865,Newcastle_Rathcoole,Dublin,South Dublin County Council,JOY UÍ MHURCHADHA,info@cpfola.ie,012551770,MULTI DENOMINATIONAL,Vocational,No subjects taught through Irish,Mixed,Day,N,N,N,N,311.0,347.0,658
2024.0,76595N,Enfield Community College,Dublin Road,Enfield,Meath,,A83VX31,53.414505,-6.817408,Kilcock,Meath,Meath County Council,SHANE FOLEY,enfieldcommunitycollege@lmetb.ie,0860353120,MULTI DENOMINATIONAL,Vocational,No subjects taught through Irish,Mixed,Day,N,N,N,N,243.0,289.0,532
2024.0,76596P,Greystones Community College,Mill Road,Greystones,Co Wicklow,,A63A3K2,53.1324,-6.068848,Greystones,Wicklow,Wicklow County Council,RUAIRI FARRELL,gcc@kwetb.ie,012010096,MULTI DENOMINATIONAL,Vocational,No subjects taught through Irish,Mixed,Day,N,N,N,N,310.0,320.0,630
2024.0,76614O,Coláiste Rioga,Dunshaughlin,Meath,,,A85KF64,53.504275,-6.535983,Dunshaughlin,Meath,Meath County Council,MR DECLAN CLARKE,colaisterioga@lmetb.ie,0876117987,MULTI DENOMINATIONAL,Vocational,No subjects taught through Irish,Mixed,Day,N,N,N,N,93.0,100.0,193
2024.0,81001I,Newpark Comprehensive School,Newtownpark Avenue,Blackrock,Co Dublin,,A94EV70,53.2895,-6.172989,Dunlaoghaire,Dublin,Dun Laoghaire Rathdown,MR. EOIN NORTON,office@newparkschool.ie,012883724,CHURCH OF IRELAND,Comprehensive,No subjects taught through Irish,Mixed,Day,N,N,N,N,376.0,473.0,849
2024.0,81002K,Mount Temple Comprehensive School,Malahide Road,Dublin 3,,,D03DX79,53.368676,-6.2227,Killester_Raheny_Clontarf,Dublin,Dublin City Council,MR. DAVID BANE,office@mounttemple.ie,018336984,CHURCH OF IRELAND,Comprehensive,No subjects taught through Irish,Mixed,Day,N,N,N,N,424.0,475.0,899
2024.0,81005Q,St Aidans Comprehensive School,Cootehill,Co Cavan,,,H16CV91,54.066459,-7.063483,Cootehill,Cavan,Cavan County Council,MS. ANGELA FLANAGAN,office@staidans.ie,0495552161,INTER DENOMINATIONAL,Comprehensive,No subjects taught through Irish,Mixed,Day,N,N,N,N,310.0,320.0,630
2024.0,81006S,Tarbert Comprehensive School,Tarbert,Listowel,Co Kerry,,V31WD66,52.57438,-9.383804,Tarbert,Kerry,Kerry County Council,MR. RICHARD PRENDIVILLE,admin@tarbertcs.ie,06836105,INTER DENOMINATIONAL,Comprehensive,No subjects taught through Irish,Mixed,Day,N,N,N,N,261.0,282.0,543
2024.0,81007U,Shannon Comprehensive School,Shannon,Co Clare,,,V14Y434,52.704817,-8.879649,Shannon,Clare,Clare County Council,MS. MARY COSTELLO,info@shannoncomp.ie,061361428,INTER DENOMINATIONAL,Comprehensive,No subjects taught through Irish,Mixed,Day,N,N,N,N,359.0,391.0,750
2024.0,81008W,Ashton School,Blackrock Road,Cork,,,T12AF50,51.892859,-8.451549,Ballintemple_CorkCity,Cork,Cork City Council,MR. ADRIAN JOHN LANDEN,principal@ashton.ie,0214966044,CHURCH OF IRELAND,Comprehensive,No subjects taught through Irish,Mixed,Day,N,N,N,N,270.0,262.0,532
2024.0,81009B,Boherbue Comprehensive School,Boherbue Comprehensive School,Boherbue,Co. Cork,,P51TK28,52.159134,-9.062485,Boharbue,Cork,Cork County Council,MS. VERA LEADER,office@boherbuecs.com,02976032,INTER DENOMINATIONAL,Comprehensive,No subjects taught through Irish,Mixed,Day,N,N,N,N,264.0,264.0,528
2024.0,81010J,St Columba's Comprehensive School,Glenties,Co Donegal,,,F94C421,54.799569,-8.286059,Glenties,Donegal,Donegal County Council,BRENDAN O' MAHONY,admin@glentiescomp.com,0749551172,INTER DENOMINATIONAL,Comprehensive,No subjects taught through Irish,Mixed,Day,N,N,N,Y,195.0,200.0,395
2024.0,81011L,The Royal and Prior School,RAPHOE,Lifford,Co. Donegal,,F93T298,54.876057,-7.590291,Raphoe,Donegal,Donegal County Council,DR. HOWARD TERENCE WELCH,principal@royalandprior.ie,0749145389,CHURCH OF IRELAND,Comprehensive,No subjects taught through Irish,Mixed,Mixed,N,N,N,Y,328.0,283.0,611
2024.0,81012N,Scoil Chuimsitheach Chiaráin,An Cheathrú Rua,Co na Gaillimhe,,,H91N267,53.262239,-9.597819,Carraroe,Galway,Galway County Council,MR. SEAN MARTIN MACDONNCHA,scoilcc@eircom.net,091595215,INTER DENOMINATIONAL,Comprehensive,All pupils taught all subjects through Irish,Mixed,Day,N,N,Y,Y,223.0,209.0,432
2024.0,81013P,St. Clare's Comprehensive School,Manorhamilton,Co. Leitrim,,,F91FY82,54.301921,-8.176972,Manorhamilton,Leitrim,Leitrim County Council,MS. MAEVE KELLY,office@stclarescomprehensive.ie,0719855087,INTER DENOMINATIONAL,Comprehensive,No subjects taught through Irish,Mixed,Day,N,N,N,N,256.0,263.0,519
2024.0,81014R,Crescent College Comprehensive,Dooradoyle Rd,Dooradoyle,Limerick,,V94W6W8,52.636658,-8.640832,Limerick City,Limerick,Limerick City Council,MR. DIARMUID MULLINS,info@crescentsj.com,061229655,INTER DENOMINATIONAL,Comprehensive,No subjects taught through Irish,Mixed,Day,N,N,N,N,439.0,483.0,922
2024.0,81016V,East Glendalough School,Station Road,Wicklow Town,Co. Wicklow,,A67PC52,52.987518,-6.054106,Wicklow,Wicklow,Wicklow County Council,MR. CRAIG PETRIE,info@egs.ie,040469608,CHURCH OF IRELAND,Comprehensive,No subjects taught through Irish,Mixed,Day,N,N,N,N,166.0,200.0,366
2024.0,81017A,TRINITY COMPREHENSIVE SCHOOL,BALLYMUN ROAD,DUBLIN 9,,,D09TN22,53.392674,-6.262844,Whitehall_SantryD9,Dublin,Dublin City Council,MS. FRANCES L NEARY,info@trinitycomp.ie,018428356,CATHOLIC,Comprehensive,No subjects taught through Irish,Mixed,Day,N,N,N,Y,280.0,294.0,574
2024.0,91301D,Holy Family Community School,Kilteel Road,Rathcoole,Co Dublin,,D24FT54,53.276821,-6.48002,Newcastle_Rathcoole,Dublin,South Dublin County Council,MS. INGRID FALLON,info@hfcs.ie,014580766,INTER DENOMINATIONAL,Community,No subjects taught through Irish,Mixed,Day,N,N,N,N,458.0,528.0,986
2024.0,91302F,Phobailscoil Iosolde,Oak Court Avenue,Palmerstown,Dublin 20,,D20P236,53.348466,-6.376923,Ballyfermot_D10,Dublin,South Dublin County Council,MS. CATHERINE DELANEY,office@palmerstowncs.ie,016265991,INTER DENOMINATIONAL,Community,No subjects taught through Irish,Mixed,Day,N,N,N,Y,364.0,409.0,773
2024.0,91305L,Ballinteer Community School,Broadford Road,Ballinteer,Dublin 16,,D16XF79,53.281462,-6.260787,Ballinteer_Stepaside_DLR,Dublin,Dun Laoghaire Rathdown,MS. AMY DOHERTY,admin@ballinteercs.ie,012988195,INTER DENOMINATIONAL,Community,No subjects taught through Irish,Mixed,Day,N,N,N,Y,207.0,197.0,404
2024.0,91310E,Cabinteely Community School,Johnstown Road,Cabinteely,Dublin 18,,D18VH73,53.261948,-6.146265,Sallynoggin_Killiney_DLR,Dublin,Dun Laoghaire Rathdown,MR. GRAHAM FLEMING,office@cabinteelycs.ie,012852137,INTER DENOMINATIONAL,Community,No subjects taught through Irish,Mixed,Day,N,N,N,Y,215.0,302.0,517
2024.0,91315O,Scoil Phobail Chuil Mhin,Cluain Saileach,Baile Atha Cliath 15,,,D15FW97,53.388738,-6.395717,BlanchardstownVge_D15,Dublin,Fingal County Council,PATRICA MC PHILIPS,pconnolly@coolminecs.ie,018214141,INTER DENOMINATIONAL,Community,No subjects taught through Irish,Mixed,Day,N,N,N,N,489.0,524.0,1013
2024.0,91316Q,Blakestown Community School,Sheepmoor Avenue,Blanchardstown,Dublin 15,,D15F978,53.396041,-6.403421,BlanchardstownVge_D15,Dublin,Fingal County Council,MR. DAVID MC GUINNESS,admin@blakestowncs.ie,018215522,INTER DENOMINATIONAL,Community,No subjects taught through Irish,Mixed,Day,N,N,N,Y,270.0,251.0,521
2024.0,91318U,The Donahies Community School,Streamville Road,Dublin 13,,,D13YN77,53.393133,-6.173129,Donaghmede_Howth_D13,Dublin,Dublin City Council,MR. PETER KEOHANE,office@donahiescs.ie,018473522,INTER DENOMINATIONAL,Community,No subjects taught through Irish,Mixed,Day,N,N,N,Y,231.0,263.0,494
2024.0,91324P,Portmarnock Community School,Carrickhill Road,Portmarnock,Co Dublin,,D13F766,53.431642,-6.13778,Portmarnock,Dublin,Fingal County Council,MS. HELEN TOBIN,office@portmarnockcommunityschool.ie,018038056,INTER DENOMINATIONAL,Community,No subjects taught through Irish,Mixed,Day,N,N,N,N,430.0,530.0,960
2024.0,91325R,Malahide Community School,Broomfield,Malahide,Co. Dublin,,K36PR28,53.438241,-6.152502,Malahide_Nevinstown,Dublin,Fingal County Council,MR. DAVID HAYES,office@malahidecs.ie,018463244,INTER DENOMINATIONAL,Community,No subjects taught through Irish,Mixed,Day,N,N,N,N,631.0,615.0,1246
2024.0,91330K,Holy Child Community School,Pearse St,Sallynoggin,Co Dublin,,A96E0C9,53.275958,-6.13652,Sallynoggin_Killiney_DLR,Dublin,Dun Laoghaire Rathdown,MS. VALERIE MAHER,office@holychildcs.ie,012855334,INTER DENOMINATIONAL,Community,No subjects taught through Irish,Mixed,Day,N,N,N,Y,122.0,153.0,275
2024.0,91332O,St Marks Community School,Cookstown Rd,Tallaght,Dublin 24,,D24VW22,53.291399,-6.388908,Tallaght,Dublin,South Dublin County Council,MR. IAN BORAN,office@stmarkscs.ie,014519399,INTER DENOMINATIONAL,Community,No subjects taught through Irish,Mixed,Day,N,N,N,Y,466.0,458.0,924
2024.0,91335U,Tallaght Community School,Balrothery,Tallaght,Dublin 24,,D24X759,53.294723,-6.338556,Tallaght,Dublin,South Dublin County Council,MR. AIDAN LYNCH,office@tallaghtcs.ie,014515566,INTER DENOMINATIONAL,Community,No subjects taught through Irish,Mixed,Day,N,N,N,Y,437.0,391.0,828
2024.0,91336W,Old Bawn Community School,Old Bawn,Tallaght,Dublin 24,,D24HP38,53.283461,-6.370716,Firhouse_Oldbawn,Dublin,South Dublin County Council,MS. URSULA MCCABE,obcsdays@oldbawncs.com,014520566,INTER DENOMINATIONAL,Community,No subjects taught through Irish,Mixed,Day,N,N,N,N,477.0,555.0,1032
2024.0,91337B,Killinarden Community School,Killinarden,Tallaght,Dublin 24,,D24RF70,53.276085,-6.397344,Firhouse_Oldbawn,Dublin,South Dublin County Council,MISS ADRIENNE WHELAN,adriennewhelan@killinardencs.ie,014527447,INTER DENOMINATIONAL,Community,No subjects taught through Irish,Mixed,Day,N,N,N,Y,229.0,279.0,508
2024.0,91338D,St Aidan's Community School,Brookfield,Tallaght,Dublin 24,,D24XA46,53.286602,-6.412535,Tallaght,Dublin,South Dublin County Council,MR. KEVIN SHORTALL,office@sacs.ie,014524677,INTER DENOMINATIONAL,Community,No subjects taught through Irish,Mixed,Day,N,N,N,Y,274.0,287.0,561
2024.0,91339F,Hartstown Community School,Hartstown,Clonsilla,Dublin 15,,D15X049,53.396127,-6.416117,BlanchardstownVge_D15,Dublin,Fingal County Council,MS. LUCIA GRIFFIN,principal@hartstowncs.ie,018207863,INTER DENOMINATIONAL,Community,No subjects taught through Irish,Mixed,Day,N,N,N,N,574.0,550.0,1124
2024.0,91342R,Pobalscoil Neasáin,School Lane,Baldoyle,Dublin 13,,D13F9K2,53.39202,-6.131134,Donaghmede_Howth_D13,Dublin,Fingal County Council,MISS BREDA O'HANRAHAN,office@psn.ie,018063092,INTER DENOMINATIONAL,Community,No subjects taught through Irish,Mixed,Day,N,N,N,N,350.0,455.0,805
2024.0,91343T,St. Tiernan's Community School,Parkvale,Balally,Dublin 16,,D16KW26,53.281577,-6.238968,Ballinteer_Stepaside_DLR,Dublin,Dun Laoghaire Rathdown,MS. JENNY COSTELLO,runai@tiernans.ie,012953224,INTER DENOMINATIONAL,Community,No subjects taught through Irish,Mixed,Day,N,N,N,Y,150.0,217.0,367
2024.0,91344V,Rosmini Community School,Gracepark Road,Drumcondra,Dublin 9,,D09RYT1,53.371148,-6.247711,Drumcondra_Marino_Dublin1,Dublin,Dublin City Council,MS. SARAH BARRY,info@rosmini.ie,086 0122104,INTER DENOMINATIONAL,Community,No subjects taught through Irish,Mixed,Day,N,N,N,Y,40.0,71.0,111
2024.0,91351S,Bailieborough Community School,Bailieborough,Co Cavan,,,A82P585,53.91291,-6.973901,Bailieborough,Cavan,Cavan County Council,MRS. MARTHA LIEVENS,info@bailieborocs.ie,0429665295,INTER DENOMINATIONAL,Community,No subjects taught through Irish,Mixed,Day,N,N,N,N,348.0,403.0,751
2024.0,91356F,Tullow Community School,The Mullawn,Tullow,Co. Carlow,,R93DT20,52.79949,-6.732313,Tullow,Carlow,Carlow County Council,MR. PAUL THORNTON,info@tullowcs.ie,0599151473,INTER DENOMINATIONAL,Community,No subjects taught through Irish,Mixed,Day,N,N,N,N,427.0,444.0,871
2024.0,91360T,Community School,Castlecomer,Co Kilkenny,,,R95AF5Y,52.803681,-7.215683,Castlecomer,Kilkenny,Kilkenny County Council,MR. PATRICK MURPHY,office@castlecomercs.com,0564441447,INTER DENOMINATIONAL,Community,No subjects taught through Irish,Mixed,Day,N,N,N,Y,270.0,363.0,633
2024.0,91371B,Coláiste Chiaráin,Celbridge Road,Leixlip,Co. Kildare,,W23RW14,53.363893,-6.499258,Leixlip,Kildare,Kildare County Council,MR. MARK NEVILLE,info@colaistechiarain.com,016243226,INTER DENOMINATIONAL,Community,No subjects taught through Irish,Mixed,Day,N,N,N,N,310.0,328.0,638
2024.0,91372D,Scoil Mhuire Community School,Clane,Naas,Co Kildare,,W91PD79,53.292361,-6.697707,Prosperous_Clane,Kildare,Kildare County Council,MR. KEVIN MARTIN,scoilmhuire.clane@gmail.com,045868121,INTER DENOMINATIONAL,Community,No subjects taught through Irish,Mixed,Day,N,N,N,N,572.0,611.0,1183
2024.0,91376L,St. Kilian's Community School,Ballywaltrim,Bray,Co. Wicklow,,A98PP76,53.185307,-6.126782,Bray,Wicklow,Wicklow County Council,MR. JOHN MURPHY,accounts@stkilianscs.com,012828126,INTER DENOMINATIONAL,Community,No subjects taught through Irish,Mixed,Day,N,N,N,Y,162.0,255.0,417
2024.0,91386O,Ballincollig Community School,Innishmore,Ballincollig,Co. Cork,,P31E030,51.890422,-8.601877,Ballincollig,Cork,Cork City Council,MR. CYRIL DESMOND,cyril.desmond@balcs.ie,0214871740,INTER DENOMINATIONAL,Community,No subjects taught through Irish,Mixed,Day,N,N,N,N,483.0,497.0,980
2024.0,91387Q,Beara Community School,Castletownbere,Beara,Co Cork,,P75AH74,51.647648,-9.913597,Castletownbere,Cork,Cork County Council,MS. PAULINE HURLEY,info@bearacs.ie,02770177,INTER DENOMINATIONAL,Community,No subjects taught through Irish,Mixed,Day,N,N,N,N,143.0,155.0,298
2024.0,91388S,Carrigaline Community School,Waterpark,Carrigaline,Co Cork,,P43XE06,51.817746,-8.386747,Carrigaline,Cork,Cork County Council,MR. PAUL RAYMOND BURKE,info@carrigcs.ie,0214372300,INTER DENOMINATIONAL,Community,No subjects taught through Irish,Mixed,Day,N,N,N,N,521.0,539.0,1060
2024.0,91390F,Millstreet Community School,Millstreet Town,Co Cork,,,P51CA34,52.062318,-9.068962,Millstreet,Cork,Cork County Council,MR. PÓL O' SÍODHCHÁIN,info@millstreetcommunityschool.ie,02970087,INTER DENOMINATIONAL,Community,No subjects taught through Irish,Mixed,Day,N,N,N,N,182.0,188.0,370
2024.0,91391H,St Peter's Community School,Passage West,Co Cork,,,T12DX46,51.865672,-8.34,Passage West,Cork,Cork County Council,MR. TONY MC SWEENEY,office@stpeters.ie,0214841599,INTER DENOMINATIONAL,Community,No subjects taught through Irish,Mixed,Day,N,N,N,N,189.0,164.0,353
2024.0,91396R,Douglas Community School,Clermont Avenue,Douglas,Cork,,T12HF77,51.878692,-8.442352,Ballintemple_CorkCity,Cork,Cork City Council,MR. PATRICK BARRY,admin@dcscork.ie,0214294201,INTER DENOMINATIONAL,Community,No subjects taught through Irish,Boys,Day,N,N,N,N,,562.0,562
2024.0,91397T,Bishopstown Community School,Westgate Road,Bishopstown,Cork,,T12CF79,51.883922,-8.525918,Glasheen_CorkCity,Cork,Cork City Council,MS. EDWINA GOTTSTEIN,office@bishopstown-cs.ie,0214544311,INTER DENOMINATIONAL,Community,No subjects taught through Irish,Mixed,Day,N,N,N,Y,166.0,173.0,339
2024.0,91400F,Mayfield Community School,Old Youghal Road,Mayfield,Cork,,T23DP95,51.912519,-8.443577,Montenotte_CorkCity,Cork,Cork City Council,MR. KIERAN GOLDEN,admin@mayfieldcs.ie,0214506855,INTER DENOMINATIONAL,Community,Some pupils taught some subjects through Irish,Mixed,Day,N,N,N,Y,135.0,210.0,345
2024.0,91406R,Carndonagh Community School,Carndonagh Community School,P.O. Box 4,Carndonagh,Co Donegal,F93VK61,55.249388,-7.269903,Carndonagh,Donegal,Donegal County Council,MR. JOHN A MC GUINNESS,admin@carndonaghcs.ie,0749374260,INTER DENOMINATIONAL,Community,No subjects taught through Irish,Mixed,Day,N,N,N,Y,575.0,567.0,1142
2024.0,91407T,Rosses Community School,Chapel Rd,Dungloe,Co Donegal,,F94NX79,54.949386,-8.352065,Dungloe,Donegal,Donegal County Council,MR. JOHN GORMAN,jgorman@rossescommunityschool.ie,0749521122,INTER DENOMINATIONAL,Community,No subjects taught through Irish,Mixed,Day,N,N,Y,Y,234.0,286.0,520
2024.0,91408V,Pobalscoil Chloich Cheannfhaola,An Fálcarrach,Leitir Ceanainn,Co. Dhún na nGall,,F92KR25,55.141775,-8.099667,Falcarragh,Donegal,Donegal County Council,MS. MAEVE SWEENEY,info@pccfalcarragh.ie,0749135424,INTER DENOMINATIONAL,Community,Some pupils taught some subjects through Irish,Mixed,Day,N,N,Y,Y,186.0,231.0,417
2024.0,91409A,Pobalscoil Ghaoth Dobhair,Na Doirí Beaga,Leitir Ceannain,Co. Dhún na nGall.,,F92HX52,55.096595,-8.278584,Gweedore,Donegal,Donegal County Council,MR. SEOIRSE O DOCHARTAIGH,oifig@psgd.ie,0749531311,INTER DENOMINATIONAL,Community,All pupils taught all subjects through Irish,Mixed,Day,N,N,Y,Y,236.0,203.0,439
2024.0,91411K,Scoil Phobail Mhic Dara,Carna,Co na Gaillimhe,,,H91DH50,53.323951,-9.817824,Carna,Galway,Galway County Council,UAS. DARA O MAOILCHIARAIN,eolas@spmd.ie,095 32245,INTER DENOMINATIONAL,Community,All pupils taught all subjects through Irish,Mixed,Day,N,N,Y,Y,69.0,57.0,126
2024.0,91412M,Scoil Phobail,Ardbear,Clifden,Co Galway,,H71W673,53.478338,-10.021602,Clifden,Galway,Galway County Council,MISS MARY KELLY,info@clifdencs.ie,09521184,INTER DENOMINATIONAL,Community,No subjects taught through Irish,Mixed,Day,N,N,N,Y,246.0,248.0,494
2024.0,91413O,Portumna Community School,St. Brigid's Road,Portumna,Co. Galway,,H53N403,53.094028,-8.220156,Portumna,Galway,Galway County Council,MR. SHANE MC CLEARN,principal@portumnacs.ie,0909741053,INTER DENOMINATIONAL,Community,No subjects taught through Irish,Mixed,Day,N,N,N,N,240.0,253.0,493
2024.0,91414Q,Dunmore Community School,Dunmore,Co Galway,,,H54KP03,53.616552,-8.739242,Dunmore,Galway,Galway County Council,MR. DECLAN QUINN,accounts@dunmorecs.ie,09338203,INTER DENOMINATIONAL,Community,No subjects taught through Irish,Mixed,Day,N,N,N,N,152.0,201.0,353
2024.0,91426A,Mountmellick Community School,Mountmellick,Co Laois,,,R32A099,53.118052,-7.327569,Mountmellick,Laois,Laois County Council,MR. LAWRENCE JOSEPH CURTIN,office@mountmellickcs.ie,0578624220,INTER DENOMINATIONAL,Community,No subjects taught through Irish,Mixed,Day,N,N,N,Y,351.0,355.0,706
2024.0,91427C,Heywood Community School,Ballinakill,Portlaoise,Co. Laois,,R32FE04,52.885468,-7.299465,Ballinakill,Laois,Laois County Council,MR. EAMON JACKMAN,admin@heywood.ie,0578733333,INTER DENOMINATIONAL,Community,No subjects taught through Irish,Mixed,Day,N,N,N,N,377.0,371.0,748
2024.0,91431Q,Ramsgrange Community School,Ramsgrange,New Ross,Co Wexford,,Y34YY17,52.245441,-6.916186,Ramsgrange,Wexford,Wexford County Council,MS. RACHEL O'CONNOR,rcs.office@rcswexford.ie,051389211,INTER DENOMINATIONAL,Community,No subjects taught through Irish,Mixed,Day,N,N,N,Y,279.0,349.0,628
2024.0,91436D,Moyne Community School,Moyne,Co Longford,,,N39T860,53.908349,-7.648053,Moyne,Longford,Longford County Council,MR. DESMOND CULLEN,office@moynecs.ie,0494335114,INTER DENOMINATIONAL,Community,No subjects taught through Irish,Mixed,Day,N,N,N,N,346.0,284.0,630
2024.0,91441T,Ardee Community School,Ardee,Co Louth,,,A92F838,53.851182,-6.546288,Ardee,Louth,Louth County Council,MS. MARY JACKSON,mary.jackson@ardeecs.ie,0416853557,INTER DENOMINATIONAL,Community,No subjects taught through Irish,Mixed,Day,N,N,N,Y,636.0,717.0,1353
2024.0,91447I,St Caimin's Community School,Tullyvarraga,Shannon,Co. Clare.,Co. Clare.,V14XY54,52.705903,-8.861798,Shannon,Clare,Clare County Council,MS. MARIA SHEEHAN,maria.sheehan@stcaimins.ie,061364211,INTER DENOMINATIONAL,Community,No subjects taught through Irish,Mixed,Day,N,N,N,N,375.0,396.0,771
2024.0,91448K,Kilrush Community School,Kilrush,Co. Clare,,,V15KT04,52.642212,-9.483481,Kilrush,Clare,Clare County Council,MRS. EILEEN MCMAHON,principal@kilrushcoms.com,0659051359,INTER DENOMINATIONAL,Community,No subjects taught through Irish,Mixed,Day,N,N,N,Y,186.0,155.0,341
2024.0,91456J,St Ciaran's Community School,Navan Rd,Kells,Co Meath,,A82N677,53.724117,-6.871648,Kells,Meath,Meath County Council,MS. CARA MCLOUGHLIN,office@stciaranscs.ie,0469241551,INTER DENOMINATIONAL,Community,No subjects taught through Irish,Mixed,Day,N,N,N,N,98.0,499.0,597
2024.0,91461C,Ballyhaunis Community School,Knock Road,Ballyhaunis,Co.Mayo,,F35RF63,53.765924,-8.780564,Ballyhaunis,Mayo,Mayo County Council,MR. JOHN DAVID MCDONAGH,principal@ballyhauniscs.ie,0949630235,INTER DENOMINATIONAL,Community,No subjects taught through Irish,Mixed,Day,N,N,N,Y,358.0,392.0,750
2024.0,91462E,Ballinrobe Community School,Convent Road,Ballinrobe,Co Mayo,,F31XD53,53.623001,-9.212632,Ballinrobe,Mayo,Mayo County Council,MS. JULIE ANNE COLLINS,info@ballinrobecs.ie,0949541777,INTER DENOMINATIONAL,Community,No subjects taught through Irish,Mixed,Day,N,N,N,N,403.0,437.0,840
2024.0,91491L,St.Brendan's Community School,Birr,Co Offaly,,,R42KN92,53.105122,-7.916417,Birr,Offaly,Offaly County Council,MR. JOHN KENNEDY,info@stbrendanscsbirr.ie,0579120510,INTER DENOMINATIONAL,Community,No subjects taught through Irish,Mixed,Day,N,N,N,Y,441.0,406.0,847
2024.0,91492N,Gorey Community School,Esmonde Street,Gorey,Co. Wexford,,Y25YX29,52.673807,-6.287413,Gorey,Wexford,Wexford County Council,MR. MICHAEL FINN,mfinn@goreycs.ie,0539421000,INTER DENOMINATIONAL,Community,No subjects taught through Irish,Mixed,Day,N,N,N,N,802.0,734.0,1536
2024.0,91493P,Castlerea Community School,Castlerea,Co. Roscommon,,,F45ER02,53.765708,-8.483508,Castlerea,Roscommon,Roscommon County Council,MS. EILEEN RYAN,principalcastlereacs@gmail.com,0949620177,INTER DENOMINATIONAL,Community,No subjects taught through Irish,Mixed,Day,N,N,N,Y,175.0,213.0,388
2024.0,91494R,St Louis Community School,Chapel Street,Kiltimagh,Co Mayo,,F12RP76,53.848385,-9.002219,Kiltimagh,Mayo,Mayo County Council,MISS REGINA REAPE,admin@stlouiscs.com,0949381228,INTER DENOMINATIONAL,Community,No subjects taught through Irish,Mixed,Day,N,N,N,N,331.0,359.0,690
2024.0,91495T,Ashbourne Community School,Deerpark,Ashbourne,Co Meath,,A84T925,53.504128,-6.388211,Ashbourne,Meath,Meath County Council,MS. AINE O'SULLIVAN,admin@ashcom.ie,018353066,INTER DENOMINATIONAL,Community,No subjects taught through Irish,Mixed,Day,N,N,N,N,561.0,550.0,1111
2024.0,91496V,Community School,Carrick-On-Shannon,Leitrim,,,N41VX63,53.949048,-8.08521,Carrick-on-Shannon,Leitrim,Leitrim County Council,MR. ADRIAN JACKSON,info@carrickcs.ie,0719620880,INTER DENOMINATIONAL,Community,No subjects taught through Irish,Mixed,Day,N,N,N,N,331.0,345.0,676
2024.0,91497A,Cashel Community School,"Dualla Road,","Cashel,",Co Tipperary.,,E25YT50,52.518963,-7.88187,Cashel,Tipperary,Tipperary (SR) County Council,MR. BRIAN MORAN,bmo@cashelcommunityschool.ie,062 61167,INTER DENOMINATIONAL,Community,No subjects taught through Irish,Mixed,Day,N,N,N,N,411.0,451.0,862
2024.0,91498C,Gort Community School,Gort,Co. Galway,,,H91C9K1,53.061368,-8.811457,Gort,Galway,Galway County Council,MR. BRIAN CROSSAN,info@gortcs.com,091632163,INTER DENOMINATIONAL,Community,No subjects taught through Irish,Mixed,Day,N,N,N,N,458.0,560.0,1018
2024.0,91499E,Kinsale Community School,Kinsale,Co Cork,,,P17R993,51.704278,-8.529486,Kinsale,Cork,Cork County Council,MR. FERGAL MC CARTHY,info@kinsalecommunityschool.ie,0214773174,INTER DENOMINATIONAL,Community,No subjects taught through Irish,Mixed,Day,N,N,N,N,739.0,759.0,1498
2024.0,91500J,Loreto Community School,Milford,Co Donegal,,,F92FK13,55.088939,-7.709004,Milford,Donegal,Donegal County Council,MS. MARGARET MARY O'CONNOR,info@loretomilford.net,0749153399,INTER DENOMINATIONAL,Community,No subjects taught through Irish,Mixed,Day,N,N,N,N,446.0,361.0,807
2024.0,91501L,Moate Community School,Church Street,Moate,Co Westmeath,,N37DY70,53.396586,-7.726092,Moate,Westmeath,Westmeath County Council,MR. THOMAS PATRICK LOWRY,info@moatecs.com,0906481350,INTER DENOMINATIONAL,Community,No subjects taught through Irish,Mixed,Day,N,N,N,N,469.0,441.0,910
2024.0,91502N,John The Baptist Community School,Hospital,Co Limerick,,,V35WT25,52.473442,-8.434793,Bruff_Hospital,Limerick,Limerick County Council,MISS RACHEL HAYES,info@johnthebaptistcs.ie,061383283,INTER DENOMINATIONAL,Community,No subjects taught through Irish,Mixed,Day,N,N,N,N,481.0,530.0,1011
2024.0,91503P,Pobalscoil Inbhear Scéine,Kenmare,Co. Kerry,V93 K580,,V93K580,51.882727,-9.582428,Kenmare,Kerry,Kerry County Council,MR. DERMOT JOHN HEALY,info@kenmarecs.com,0646640846,INTER DENOMINATIONAL,Community,No subjects taught through Irish,Mixed,Day,N,N,N,N,294.0,320.0,614
2024.0,91504R,Scoil Phobail Sliabh Luachra,Rathmore,Co. Kerry,,,P51PR53,52.079005,-9.246563,Rathmore,Kerry,Kerry County Council,MS. MAIREAD LUCEY,admin@spslrathmore.ie,0647758135,INTER DENOMINATIONAL,Community,No subjects taught through Irish,Mixed,Day,N,N,N,N,216.0,186.0,402
2024.0,91505T,St Wolstan's Community School,Ballymakealy,Clane Rd,Celbridge,Co Kildare,W23RKA9,53.333965,-6.561938,Celbridge,Kildare,Kildare County Council,MR. FRANCIS CAROLAN,info@stwolstans.ie,016288257,INTER DENOMINATIONAL,Community,No subjects taught through Irish,Girls,Day,N,N,N,N,820.0,,820
2024.0,91506V,Coláiste Cholmcille,College St,Ballyshannon,Co Donegal,,F94NW62,54.503244,-8.184289,Ballyshannon_Donegal,Donegal,Donegal County Council,MISS CORA FEENEY,cfagan@ccbs.ie,0719858288,INTER DENOMINATIONAL,Community,No subjects taught through Irish,Mixed,Day,N,N,N,Y,337.0,363.0,700
2024.0,91508C,Boyne Community School,Trim,Co. Meath,,,C15RK79,53.550641,-6.784265,Trim,Meath,Meath County Council,MS. JEAN RYAN,info@boynecs.ie,0469481654,INTER DENOMINATIONAL,Community,No subjects taught through Irish,Mixed,Day,N,N,N,Y,223.0,775.0,998
2024.0,91509E,BLACKWATER COMMUNITY SCHOOL,Ballyanchor Road,Lismore,Co Waterford,,P51N472,52.135118,-7.94027,Lismore,Waterford,Waterford County Council,MR. DENIS RING,info@blackwatercs.com,05853620,INTER DENOMINATIONAL,Community,No subjects taught through Irish,Mixed,Day,N,N,N,N,488.0,476.0,964
2024.0,91510M,St. Colmcille's Community School,Scholarstown Rd,Knocklyon,Dublin 16,,D16H298,53.278686,-6.314793,Rathfarnham,Dublin,South Dublin County Council,MS. AILEEN TERESA RYAN,info@stcolmcilles.ie,014952888,INTER DENOMINATIONAL,Community,No subjects taught through Irish,Mixed,Day,N,N,N,N,342.0,383.0,725
2024.0,91511O,Pobalscoil Chorca Dhuibhne,An Gróbh,Daingean Uí Chúis,Co. Chiarraí,,V92DR04,52.143273,-10.267232,Dingle,Kerry,Kerry County Council,UAS. EAMON MAC MUIRIS,em@pcd07.ie,0669150055,INTER DENOMINATIONAL,Community,All pupils taught all subjects through Irish,Mixed,Day,N,N,Y,N,203.0,219.0,422
2024.0,91512Q,St Attracta's Community School,Tubbercurry,Co. Sligo,,,F91KT21,54.053447,-8.760026,Banada_Tubbercurry,Sligo,Sligo County Council,MR. DAVID JOHN MC EVOY,info@stattractas.ie,0719120814,INTER DENOMINATIONAL,Community,No subjects taught through Irish,Mixed,Day,N,N,N,N,349.0,361.0,710
2024.0,91513S,Pobalscoil na Tríonóide,Frogmore,Youghal,Co. Cork,,P36Y763,51.951408,-7.873294,Youghal,Cork,Cork County Council,MR. EDWARD CRONIN,admin@trionoide.ie,02425836,INTER DENOMINATIONAL,Community,Some pupils taught all subjects through Irish,Mixed,Day,N,N,N,N,524.0,565.0,1089
2024.0,91514U,GLENAMADDY COMMUNITY SCHOOL,Church Street,Glenamaddy,Via Castlerea,Co. Galway,F45KF50,53.607446,-8.565855,Glenamaddy,Galway,Galway County Council,MR. JAMES DUIGNAN,reception@glencs.ie,0949659315,INTER DENOMINATIONAL,Community,No subjects taught through Irish,Mixed,Day,N,N,N,N,209.0,211.0,420
2024.0,91515W,GALLEN COMMUNITY SCHOOL,Main Street,Ferbane,Co. Offaly,,R42N8P8,53.269466,-7.829971,Ferbane,Offaly,Offaly County Council,MR. GARRETT BUCKLEY,admin@gallencs.com,0906453600,INTER DENOMINATIONAL,Community,No subjects taught through Irish,Mixed,Day,N,N,N,N,219.0,214.0,433
2024.0,91516B,SKIBBEREEN COMMUNITY SCHOOL,Skibbereen,Co Cork,,,P81P520,51.551871,-9.255274,Skibereen,Cork,Cork County Council,MR. ANTON O'MAHONY,info@skibbereencommunityschool.ie,028-51172,INTER DENOMINATIONAL,Community,No subjects taught through Irish,Mixed,Day,N,N,N,N,467.0,478.0,945
2024.0,91517D,ATHBOY COMMUNITY SCHOOL,ATHBOY,CO MEATH,,,C15XY73,53.626069,-6.913856,Athboy,Meath,Meath County Council,MS. CLARE GARRIHY,athboycs@eircom.net,046 9487894,INTER DENOMINATIONAL,Community,No subjects taught through Irish,Mixed,Day,N,N,N,N,288.0,365.0,653
2024.0,91518F,ENNISTYMON COMMUNITY SCHOOL,ENNISTYMON,Lahinch Road,Ennistymon,,V95YP46,52.938854,-9.298656,Ennistymon,Clare,Clare County Council,MS. ORLA CONWAY,office@ennistymoncs.ie,0657054901,MULTI DENOMINATIONAL,Community,No subjects taught through Irish,Mixed,Day,N,N,N,N,350.0,350.0,700
2024.0,91519H,BALLINAMORE COMMUNITY SCHOOL,BALLINAMORE,CO LEITRIM,,,N41F6A2,54.058382,-7.792269,Ballinamore,Leitrim,Leitrim County Council,MR. DIARMUID MCCAFFREY,office@ballinamorecs.ie,0719644049,MULTI DENOMINATIONAL,Community,No subjects taught through Irish,Mixed,Day,N,N,N,N,177.0,144.0,321
2024.0,91530S,KILDARE TOWN COMMUNITY SCHOOL,Dunmurry Road,Kildare Town,,,R51D288,53.169755,-6.914606,Kildare,Kildare,Kildare County Council,MR. JOHN PAUL HAYES,info@ktcs.ie,045535228,MULTI DENOMINATIONAL,Community,No subjects taught through Irish,Mixed,Day,N,N,N,N,506.0,515.0,1021
2024.0,91550B,MOUNTRATH COMMUNITY SCHOOL,Dysartbeigh,Mountrath,Co. Laois,,R32AK27,52.995616,-7.483114,Mountrath,Laois,Laois County Council,MISS KATHRYN O'BRIEN,principal@mountrathcs.ie,0578741080,INTER DENOMINATIONAL,Community,No subjects taught through Irish,Mixed,Day,N,N,N,N,410.0,394.0,804
2024.0,91573N,Ballymakenny College,Ballymakenny Road,Drogheda,,,A92XET2,53.73113,-6.344649,Drogheda,Louth,Louth County Council,MR. ALAN MYNES,info@ballymakennycollege.ie,041 9802459,MULTI DENOMINATIONAL,Community,No subjects taught through Irish,Mixed,Day,N,N,N,N,504.0,499.0,1003
2024.0,91614B,Celbridge Community School,Moortown,Maynooth Road,Celbridge,Co. Kildare,W23K2E6,53.359262,-6.549406,Celbridge,Kildare,Kildare County Council,MR. GERARD O'LEARY,admin@celbridgecs.ie,01 4853998,MULTI DENOMINATIONAL,Community,No subjects taught through Irish,Mixed,Day,N,N,N,N,345.0,369.0,714
,,,,,,,,,,,,,,,,,,,,,,,,,210542.0,214869.0,425411
